<?xml version='1.0' encoding='UTF-8' standalone='yes' ?>
<kml xmlns="http://www.opengis.net/kml/2.2" xmlns:atom="http://www.w3.org/2005/Atom" xmlns:gx="http://www.google.com/kml/ext/2.2">
  <Document>
    <open>1</open>
    <visibility>1</visibility>
    <name>11.07.2026 13:16:52</name>
    <atom:author>
      <atom:name>Aufgezeichnet mit Geo Tracker für Android von Ilya Bogdanovich</atom:name>
    </atom:author>
    <atom:link href="https://play.google.com/store/apps/details?id=com.ilyabogdanovich.geotracker" />
    <TimeStamp>
      <when>2026-07-11T11:16:52.333Z</when>
    </TimeStamp>
    <Style id="track">
      <LineStyle>
        <color>ffff9509</color>
        <width>4</width>
      </LineStyle>
    </Style>
    <Schema id="geotrackerTrackSchema">
      <gx:SimpleArrayField name="speed" type="float">
        <displayName>Speed, meters per second</displayName>
      </gx:SimpleArrayField>
      <gx:SimpleArrayField name="course" type="float">
        <displayName>Course, radians</displayName>
      </gx:SimpleArrayField>
    </Schema>
    <Placemark>
      <name>Stopp für ~28 min</name>
      <description>Höhenmeter: 432 m
Zeit seit Start: 00:39:27
Distanz seit Start: 2,11 km</description>
      <ExtendedData>
        <Data name="emoji">
          <value>⏱️</value>
        </Data>
      </ExtendedData>
      <TimeStamp>
        <when>2026-07-11T11:56:20Z</when>
      </TimeStamp>
      <Point>
        <coordinates>11.14891648,49.44946788,432.27</coordinates>
      </Point>
    </Placemark>
    <Placemark>
      <name>Stopp für ~2 min</name>
      <description>Höhenmeter: 366 m
Zeit seit Start: 01:50:23
Distanz seit Start: 4,85 km</description>
      <ExtendedData>
        <Data name="emoji">
          <value>⏱️</value>
        </Data>
      </ExtendedData>
      <TimeStamp>
        <when>2026-07-11T13:07:16Z</when>
      </TimeStamp>
      <Point>
        <coordinates>11.14801835,49.45837273,366.42</coordinates>
      </Point>
    </Placemark>
    <Placemark id="tour">
      <name>11.07.2026 13:16:52</name>
      <atom:author>
        <atom:name>Aufgezeichnet mit Geo Tracker für Android von Ilya Bogdanovich</atom:name>
      </atom:author>
      <atom:link href="https://play.google.com/store/apps/details?id=com.ilyabogdanovich.geotracker" />
      <ExtendedData>
        <Data name="activity">
          <value>0</value>
        </Data>
      </ExtendedData>
      <TimeSpan>
        <begin>2026-07-11T11:16:52.333Z</begin>
        <end>2026-07-11T13:32:49.191Z</end>
      </TimeSpan>
      <styleUrl>#track</styleUrl>
      <gx:MultiTrack>
        <altitudeMode>absolute</altitudeMode>
        <gx:interpolate>0</gx:interpolate>
        <gx:Track>
          <when>2026-07-11T11:16:58Z</when>
          <when>2026-07-11T11:17:08Z</when>
          <when>2026-07-11T11:17:21Z</when>
          <when>2026-07-11T11:17:30Z</when>
          <when>2026-07-11T11:17:40Z</when>
          <when>2026-07-11T11:18:01Z</when>
          <when>2026-07-11T11:18:12Z</when>
          <when>2026-07-11T11:18:22Z</when>
          <when>2026-07-11T11:18:31Z</when>
          <when>2026-07-11T11:18:40Z</when>
          <when>2026-07-11T11:18:50Z</when>
          <when>2026-07-11T11:18:59Z</when>
          <when>2026-07-11T11:19:31Z</when>
          <when>2026-07-11T11:19:46Z</when>
          <when>2026-07-11T11:20:32Z</when>
          <when>2026-07-11T11:20:45Z</when>
          <when>2026-07-11T11:20:57Z</when>
          <when>2026-07-11T11:21:06Z</when>
          <when>2026-07-11T11:21:13Z</when>
          <when>2026-07-11T11:21:21Z</when>
          <when>2026-07-11T11:21:30Z</when>
          <when>2026-07-11T11:21:39Z</when>
          <when>2026-07-11T11:22:04Z</when>
          <when>2026-07-11T11:22:17Z</when>
          <when>2026-07-11T11:22:26Z</when>
          <when>2026-07-11T11:22:35Z</when>
          <when>2026-07-11T11:22:42Z</when>
          <when>2026-07-11T11:22:50Z</when>
          <when>2026-07-11T11:22:58Z</when>
          <when>2026-07-11T11:23:06Z</when>
          <when>2026-07-11T11:23:15Z</when>
          <when>2026-07-11T11:23:24Z</when>
          <when>2026-07-11T11:23:33Z</when>
          <when>2026-07-11T11:23:41Z</when>
          <when>2026-07-11T11:23:50Z</when>
          <when>2026-07-11T11:23:58Z</when>
          <when>2026-07-11T11:24:06Z</when>
          <when>2026-07-11T11:24:15Z</when>
          <when>2026-07-11T11:24:24Z</when>
          <when>2026-07-11T11:24:33Z</when>
          <when>2026-07-11T11:24:41Z</when>
          <when>2026-07-11T11:24:50Z</when>
          <when>2026-07-11T11:24:58Z</when>
          <when>2026-07-11T11:25:06Z</when>
          <when>2026-07-11T11:25:15Z</when>
          <when>2026-07-11T11:25:23Z</when>
          <when>2026-07-11T11:25:35Z</when>
          <when>2026-07-11T11:25:45Z</when>
          <when>2026-07-11T11:25:54Z</when>
          <when>2026-07-11T11:26:02Z</when>
          <when>2026-07-11T11:26:12Z</when>
          <when>2026-07-11T11:26:22Z</when>
          <when>2026-07-11T11:26:29Z</when>
          <when>2026-07-11T11:26:38Z</when>
          <when>2026-07-11T11:26:47Z</when>
          <when>2026-07-11T11:27:06Z</when>
          <when>2026-07-11T11:27:16Z</when>
          <when>2026-07-11T11:27:24Z</when>
          <when>2026-07-11T11:27:33Z</when>
          <when>2026-07-11T11:27:41Z</when>
          <when>2026-07-11T11:27:50Z</when>
          <when>2026-07-11T11:27:59Z</when>
          <when>2026-07-11T11:28:09Z</when>
          <when>2026-07-11T11:28:18Z</when>
          <when>2026-07-11T11:28:27Z</when>
          <when>2026-07-11T11:28:37Z</when>
          <when>2026-07-11T11:28:47Z</when>
          <when>2026-07-11T11:28:56Z</when>
          <when>2026-07-11T11:29:06Z</when>
          <when>2026-07-11T11:29:15Z</when>
          <when>2026-07-11T11:29:23Z</when>
          <when>2026-07-11T11:29:33Z</when>
          <when>2026-07-11T11:29:42Z</when>
          <when>2026-07-11T11:29:51Z</when>
          <when>2026-07-11T11:30:00Z</when>
          <when>2026-07-11T11:30:10Z</when>
          <when>2026-07-11T11:30:19Z</when>
          <when>2026-07-11T11:30:27Z</when>
          <when>2026-07-11T11:30:37Z</when>
          <when>2026-07-11T11:30:48Z</when>
          <when>2026-07-11T11:30:56Z</when>
          <when>2026-07-11T11:31:05Z</when>
          <when>2026-07-11T11:31:14Z</when>
          <when>2026-07-11T11:31:25Z</when>
          <when>2026-07-11T11:31:37Z</when>
          <when>2026-07-11T11:31:52Z</when>
          <when>2026-07-11T11:32:04Z</when>
          <when>2026-07-11T11:32:14Z</when>
          <when>2026-07-11T11:32:24Z</when>
          <when>2026-07-11T11:32:34Z</when>
          <when>2026-07-11T11:32:43Z</when>
          <when>2026-07-11T11:32:53Z</when>
          <when>2026-07-11T11:33:03Z</when>
          <when>2026-07-11T11:33:10Z</when>
          <when>2026-07-11T11:33:19Z</when>
          <when>2026-07-11T11:33:29Z</when>
          <when>2026-07-11T11:33:38Z</when>
          <when>2026-07-11T11:33:48Z</when>
          <when>2026-07-11T11:33:58Z</when>
          <when>2026-07-11T11:34:09Z</when>
          <when>2026-07-11T11:34:44Z</when>
          <when>2026-07-11T11:34:57Z</when>
          <when>2026-07-11T11:35:07Z</when>
          <when>2026-07-11T11:35:33Z</when>
          <when>2026-07-11T11:35:43Z</when>
          <when>2026-07-11T11:35:52Z</when>
          <when>2026-07-11T11:36:00Z</when>
          <when>2026-07-11T11:36:11Z</when>
          <when>2026-07-11T11:36:19Z</when>
          <when>2026-07-11T11:36:27Z</when>
          <when>2026-07-11T11:36:35Z</when>
          <when>2026-07-11T11:36:44Z</when>
          <when>2026-07-11T11:36:53Z</when>
          <when>2026-07-11T11:37:02Z</when>
          <when>2026-07-11T11:37:13Z</when>
          <when>2026-07-11T11:37:20Z</when>
          <when>2026-07-11T11:37:28Z</when>
          <when>2026-07-11T11:37:36Z</when>
          <when>2026-07-11T11:37:45Z</when>
          <when>2026-07-11T11:37:54Z</when>
          <when>2026-07-11T11:38:01Z</when>
          <when>2026-07-11T11:38:09Z</when>
          <when>2026-07-11T11:38:16Z</when>
          <when>2026-07-11T11:38:27Z</when>
          <when>2026-07-11T11:38:36Z</when>
          <when>2026-07-11T11:38:43Z</when>
          <when>2026-07-11T11:38:50Z</when>
          <when>2026-07-11T11:38:59Z</when>
          <when>2026-07-11T11:39:07Z</when>
          <when>2026-07-11T11:39:15Z</when>
          <when>2026-07-11T11:39:28Z</when>
          <when>2026-07-11T11:39:54Z</when>
          <when>2026-07-11T11:40:06Z</when>
          <when>2026-07-11T11:40:15Z</when>
          <when>2026-07-11T11:41:16Z</when>
          <when>2026-07-11T11:41:53Z</when>
          <when>2026-07-11T11:42:27Z</when>
          <when>2026-07-11T11:42:33Z</when>
          <when>2026-07-11T11:42:41Z</when>
          <when>2026-07-11T11:42:50Z</when>
          <when>2026-07-11T11:42:58Z</when>
          <when>2026-07-11T11:43:20Z</when>
          <when>2026-07-11T11:43:43Z</when>
          <when>2026-07-11T11:43:54Z</when>
          <when>2026-07-11T11:44:05Z</when>
          <when>2026-07-11T11:44:22Z</when>
          <when>2026-07-11T11:44:31Z</when>
          <when>2026-07-11T11:44:40Z</when>
          <when>2026-07-11T11:44:48Z</when>
          <when>2026-07-11T11:44:57Z</when>
          <when>2026-07-11T11:45:06Z</when>
          <when>2026-07-11T11:45:18Z</when>
          <when>2026-07-11T11:45:27Z</when>
          <when>2026-07-11T11:45:35Z</when>
          <when>2026-07-11T11:45:44Z</when>
          <when>2026-07-11T11:45:54Z</when>
          <when>2026-07-11T11:46:05Z</when>
          <when>2026-07-11T11:46:14Z</when>
          <when>2026-07-11T11:46:26Z</when>
          <when>2026-07-11T11:46:36Z</when>
          <when>2026-07-11T11:46:45Z</when>
          <when>2026-07-11T11:46:53Z</when>
          <when>2026-07-11T11:47:06Z</when>
          <when>2026-07-11T11:47:16Z</when>
          <when>2026-07-11T11:47:25Z</when>
          <when>2026-07-11T11:47:36Z</when>
          <when>2026-07-11T11:47:44Z</when>
          <when>2026-07-11T11:47:52Z</when>
          <when>2026-07-11T11:48:01Z</when>
          <when>2026-07-11T11:48:10Z</when>
          <when>2026-07-11T11:48:19Z</when>
          <when>2026-07-11T11:48:36Z</when>
          <when>2026-07-11T11:48:47Z</when>
          <when>2026-07-11T11:48:55Z</when>
          <when>2026-07-11T11:49:04Z</when>
          <when>2026-07-11T11:49:14Z</when>
          <when>2026-07-11T11:49:24Z</when>
          <when>2026-07-11T11:49:34Z</when>
          <when>2026-07-11T11:49:44Z</when>
          <when>2026-07-11T11:49:53Z</when>
          <when>2026-07-11T11:50:02Z</when>
          <when>2026-07-11T11:50:11Z</when>
          <when>2026-07-11T11:50:21Z</when>
          <when>2026-07-11T11:50:36Z</when>
          <when>2026-07-11T11:51:13Z</when>
          <when>2026-07-11T11:51:54Z</when>
          <when>2026-07-11T11:52:07Z</when>
          <when>2026-07-11T11:52:17Z</when>
          <when>2026-07-11T11:52:27Z</when>
          <when>2026-07-11T11:52:42Z</when>
          <when>2026-07-11T11:52:48Z</when>
          <when>2026-07-11T11:52:59Z</when>
          <when>2026-07-11T11:53:28Z</when>
          <when>2026-07-11T11:53:38Z</when>
          <when>2026-07-11T11:53:46Z</when>
          <when>2026-07-11T11:53:55Z</when>
          <when>2026-07-11T11:54:05Z</when>
          <when>2026-07-11T11:55:15Z</when>
          <when>2026-07-11T11:56:20Z</when>
          <when>2026-07-11T11:58:35Z</when>
          <when>2026-07-11T12:00:40Z</when>
          <when>2026-07-11T12:03:02Z</when>
          <when>2026-07-11T12:06:22Z</when>
          <when>2026-07-11T12:08:23Z</when>
          <when>2026-07-11T12:10:05Z</when>
          <when>2026-07-11T12:10:17Z</when>
          <when>2026-07-11T12:10:30Z</when>
          <when>2026-07-11T12:12:31Z</when>
          <when>2026-07-11T12:13:11Z</when>
          <when>2026-07-11T12:15:12Z</when>
          <when>2026-07-11T12:17:13Z</when>
          <when>2026-07-11T12:19:14Z</when>
          <when>2026-07-11T12:21:15Z</when>
          <when>2026-07-11T12:23:20Z</when>
          <when>2026-07-11T12:25:21Z</when>
          <when>2026-07-11T12:26:11Z</when>
          <when>2026-07-11T12:26:59Z</when>
          <when>2026-07-11T12:27:13Z</when>
          <when>2026-07-11T12:27:22Z</when>
          <when>2026-07-11T12:27:31Z</when>
          <when>2026-07-11T12:27:38Z</when>
          <when>2026-07-11T12:27:47Z</when>
          <when>2026-07-11T12:27:56Z</when>
          <when>2026-07-11T12:28:05Z</when>
          <when>2026-07-11T12:28:13Z</when>
          <when>2026-07-11T12:28:24Z</when>
          <when>2026-07-11T12:28:36Z</when>
          <when>2026-07-11T12:29:07Z</when>
          <when>2026-07-11T12:29:15Z</when>
          <when>2026-07-11T12:29:24Z</when>
          <when>2026-07-11T12:29:35Z</when>
          <when>2026-07-11T12:29:46Z</when>
          <when>2026-07-11T12:29:55Z</when>
          <when>2026-07-11T12:30:03Z</when>
          <when>2026-07-11T12:30:11Z</when>
          <when>2026-07-11T12:30:14Z</when>
          <when>2026-07-11T12:30:20Z</when>
          <when>2026-07-11T12:30:30Z</when>
          <when>2026-07-11T12:30:40Z</when>
          <when>2026-07-11T12:30:50Z</when>
          <when>2026-07-11T12:30:59Z</when>
          <when>2026-07-11T12:31:08Z</when>
          <when>2026-07-11T12:31:17Z</when>
          <when>2026-07-11T12:31:26Z</when>
          <when>2026-07-11T12:31:35Z</when>
          <when>2026-07-11T12:31:44Z</when>
          <when>2026-07-11T12:31:53Z</when>
          <when>2026-07-11T12:32:01Z</when>
          <when>2026-07-11T12:32:09Z</when>
          <when>2026-07-11T12:32:16Z</when>
          <when>2026-07-11T12:32:28Z</when>
          <when>2026-07-11T12:32:37Z</when>
          <when>2026-07-11T12:32:45Z</when>
          <when>2026-07-11T12:32:53Z</when>
          <when>2026-07-11T12:33:01Z</when>
          <when>2026-07-11T12:33:09Z</when>
          <when>2026-07-11T12:33:18Z</when>
          <when>2026-07-11T12:33:28Z</when>
          <when>2026-07-11T12:33:43Z</when>
          <when>2026-07-11T12:33:53Z</when>
          <when>2026-07-11T12:34:02Z</when>
          <when>2026-07-11T12:34:11Z</when>
          <when>2026-07-11T12:34:19Z</when>
          <when>2026-07-11T12:34:27Z</when>
          <when>2026-07-11T12:34:36Z</when>
          <when>2026-07-11T12:34:44Z</when>
          <when>2026-07-11T12:34:52Z</when>
          <when>2026-07-11T12:35:01Z</when>
          <when>2026-07-11T12:35:10Z</when>
          <when>2026-07-11T12:35:18Z</when>
          <when>2026-07-11T12:35:26Z</when>
          <when>2026-07-11T12:35:34Z</when>
          <when>2026-07-11T12:35:43Z</when>
          <when>2026-07-11T12:35:51Z</when>
          <when>2026-07-11T12:36:00Z</when>
          <when>2026-07-11T12:36:30Z</when>
          <when>2026-07-11T12:36:39Z</when>
          <when>2026-07-11T12:36:51Z</when>
          <when>2026-07-11T12:36:58Z</when>
          <when>2026-07-11T12:37:17Z</when>
          <when>2026-07-11T12:37:28Z</when>
          <when>2026-07-11T12:37:37Z</when>
          <when>2026-07-11T12:37:46Z</when>
          <when>2026-07-11T12:37:55Z</when>
          <when>2026-07-11T12:38:04Z</when>
          <when>2026-07-11T12:38:17Z</when>
          <when>2026-07-11T12:38:29Z</when>
          <when>2026-07-11T12:38:39Z</when>
          <when>2026-07-11T12:38:53Z</when>
          <when>2026-07-11T12:39:02Z</when>
          <when>2026-07-11T12:39:11Z</when>
          <when>2026-07-11T12:39:19Z</when>
          <when>2026-07-11T12:39:27Z</when>
          <when>2026-07-11T12:39:35Z</when>
          <when>2026-07-11T12:39:44Z</when>
          <when>2026-07-11T12:39:52Z</when>
          <when>2026-07-11T12:39:59Z</when>
          <when>2026-07-11T12:40:08Z</when>
          <when>2026-07-11T12:40:16Z</when>
          <when>2026-07-11T12:40:25Z</when>
          <when>2026-07-11T12:40:33Z</when>
          <when>2026-07-11T12:40:41Z</when>
          <when>2026-07-11T12:40:49Z</when>
          <when>2026-07-11T12:40:56Z</when>
          <when>2026-07-11T12:41:27Z</when>
          <when>2026-07-11T12:41:35Z</when>
          <when>2026-07-11T12:41:44Z</when>
          <when>2026-07-11T12:41:53Z</when>
          <when>2026-07-11T12:42:00Z</when>
          <when>2026-07-11T12:42:14Z</when>
          <when>2026-07-11T12:43:58Z</when>
          <when>2026-07-11T12:44:06Z</when>
          <when>2026-07-11T12:44:14Z</when>
          <when>2026-07-11T12:44:23Z</when>
          <when>2026-07-11T12:44:32Z</when>
          <when>2026-07-11T12:44:40Z</when>
          <when>2026-07-11T12:44:49Z</when>
          <when>2026-07-11T12:44:57Z</when>
          <when>2026-07-11T12:45:05Z</when>
          <when>2026-07-11T12:45:13Z</when>
          <when>2026-07-11T12:45:21Z</when>
          <when>2026-07-11T12:45:30Z</when>
          <when>2026-07-11T12:45:39Z</when>
          <when>2026-07-11T12:45:47Z</when>
          <when>2026-07-11T12:45:55Z</when>
          <when>2026-07-11T12:46:04Z</when>
          <when>2026-07-11T12:46:12Z</when>
          <when>2026-07-11T12:46:22Z</when>
          <when>2026-07-11T12:46:32Z</when>
          <when>2026-07-11T12:46:42Z</when>
          <when>2026-07-11T12:46:51Z</when>
          <when>2026-07-11T12:46:59Z</when>
          <when>2026-07-11T12:47:07Z</when>
          <when>2026-07-11T12:47:17Z</when>
          <when>2026-07-11T12:47:35Z</when>
          <when>2026-07-11T12:47:54Z</when>
          <when>2026-07-11T12:48:22Z</when>
          <when>2026-07-11T12:48:47Z</when>
          <when>2026-07-11T12:48:56Z</when>
          <when>2026-07-11T12:49:04Z</when>
          <when>2026-07-11T12:49:13Z</when>
          <when>2026-07-11T12:49:21Z</when>
          <when>2026-07-11T12:49:29Z</when>
          <when>2026-07-11T12:49:37Z</when>
          <when>2026-07-11T12:49:47Z</when>
          <when>2026-07-11T12:49:55Z</when>
          <when>2026-07-11T12:50:03Z</when>
          <when>2026-07-11T12:50:11Z</when>
          <when>2026-07-11T12:50:20Z</when>
          <when>2026-07-11T12:50:28Z</when>
          <when>2026-07-11T12:50:36Z</when>
          <when>2026-07-11T12:50:44Z</when>
          <when>2026-07-11T12:50:51Z</when>
          <when>2026-07-11T12:50:59Z</when>
          <when>2026-07-11T12:51:08Z</when>
          <when>2026-07-11T12:51:18Z</when>
          <when>2026-07-11T12:51:26Z</when>
          <when>2026-07-11T12:51:33Z</when>
          <when>2026-07-11T12:51:42Z</when>
          <when>2026-07-11T12:51:52Z</when>
          <when>2026-07-11T12:52:01Z</when>
          <when>2026-07-11T12:52:10Z</when>
          <when>2026-07-11T12:52:18Z</when>
          <when>2026-07-11T12:52:31Z</when>
          <when>2026-07-11T12:52:38Z</when>
          <when>2026-07-11T12:52:51Z</when>
          <when>2026-07-11T12:52:59Z</when>
          <when>2026-07-11T12:53:06Z</when>
          <when>2026-07-11T12:53:13Z</when>
          <when>2026-07-11T12:53:20Z</when>
          <when>2026-07-11T12:53:28Z</when>
          <when>2026-07-11T12:53:35Z</when>
          <when>2026-07-11T12:53:44Z</when>
          <when>2026-07-11T12:53:53Z</when>
          <when>2026-07-11T12:54:01Z</when>
          <when>2026-07-11T12:54:10Z</when>
          <when>2026-07-11T12:54:21Z</when>
          <when>2026-07-11T12:54:29Z</when>
          <when>2026-07-11T12:54:37Z</when>
          <when>2026-07-11T12:54:45Z</when>
          <when>2026-07-11T12:54:53Z</when>
          <when>2026-07-11T12:55:01Z</when>
          <when>2026-07-11T12:55:08Z</when>
          <when>2026-07-11T12:55:16Z</when>
          <when>2026-07-11T12:55:24Z</when>
          <when>2026-07-11T12:55:31Z</when>
          <when>2026-07-11T12:55:39Z</when>
          <when>2026-07-11T12:55:47Z</when>
          <when>2026-07-11T12:55:56Z</when>
          <when>2026-07-11T12:56:04Z</when>
          <when>2026-07-11T12:56:12Z</when>
          <when>2026-07-11T12:56:20Z</when>
          <when>2026-07-11T12:56:28Z</when>
          <when>2026-07-11T12:56:36Z</when>
          <when>2026-07-11T12:56:44Z</when>
          <when>2026-07-11T12:56:52Z</when>
          <when>2026-07-11T12:57:00Z</when>
          <when>2026-07-11T12:57:08Z</when>
          <when>2026-07-11T12:57:16Z</when>
          <when>2026-07-11T12:57:24Z</when>
          <when>2026-07-11T12:57:32Z</when>
          <when>2026-07-11T12:57:39Z</when>
          <when>2026-07-11T12:57:48Z</when>
          <when>2026-07-11T12:57:57Z</when>
          <when>2026-07-11T12:58:05Z</when>
          <when>2026-07-11T12:58:13Z</when>
          <when>2026-07-11T12:58:21Z</when>
          <when>2026-07-11T12:58:30Z</when>
          <when>2026-07-11T12:58:38Z</when>
          <when>2026-07-11T12:58:45Z</when>
          <when>2026-07-11T12:58:52Z</when>
          <when>2026-07-11T12:59:00Z</when>
          <when>2026-07-11T12:59:08Z</when>
          <when>2026-07-11T12:59:15Z</when>
          <when>2026-07-11T12:59:42Z</when>
          <when>2026-07-11T13:00:09Z</when>
          <when>2026-07-11T13:00:20Z</when>
          <when>2026-07-11T13:00:29Z</when>
          <when>2026-07-11T13:00:38Z</when>
          <when>2026-07-11T13:00:47Z</when>
          <when>2026-07-11T13:00:55Z</when>
          <when>2026-07-11T13:01:04Z</when>
          <when>2026-07-11T13:01:12Z</when>
          <when>2026-07-11T13:01:20Z</when>
          <when>2026-07-11T13:01:28Z</when>
          <when>2026-07-11T13:01:36Z</when>
          <when>2026-07-11T13:01:44Z</when>
          <when>2026-07-11T13:01:53Z</when>
          <when>2026-07-11T13:02:02Z</when>
          <when>2026-07-11T13:02:10Z</when>
          <when>2026-07-11T13:02:22Z</when>
          <when>2026-07-11T13:02:32Z</when>
          <when>2026-07-11T13:02:39Z</when>
          <when>2026-07-11T13:02:47Z</when>
          <when>2026-07-11T13:02:55Z</when>
          <when>2026-07-11T13:03:03Z</when>
          <when>2026-07-11T13:03:10Z</when>
          <when>2026-07-11T13:03:17Z</when>
          <when>2026-07-11T13:03:25Z</when>
          <when>2026-07-11T13:03:34Z</when>
          <when>2026-07-11T13:03:43Z</when>
          <when>2026-07-11T13:03:52Z</when>
          <when>2026-07-11T13:04:01Z</when>
          <when>2026-07-11T13:04:10Z</when>
          <when>2026-07-11T13:04:18Z</when>
          <when>2026-07-11T13:04:27Z</when>
          <when>2026-07-11T13:04:36Z</when>
          <when>2026-07-11T13:04:45Z</when>
          <when>2026-07-11T13:04:54Z</when>
          <when>2026-07-11T13:05:02Z</when>
          <when>2026-07-11T13:05:10Z</when>
          <when>2026-07-11T13:05:18Z</when>
          <when>2026-07-11T13:05:28Z</when>
          <when>2026-07-11T13:05:37Z</when>
          <when>2026-07-11T13:05:46Z</when>
          <when>2026-07-11T13:05:54Z</when>
          <when>2026-07-11T13:06:02Z</when>
          <when>2026-07-11T13:06:11Z</when>
          <when>2026-07-11T13:06:19Z</when>
          <when>2026-07-11T13:06:28Z</when>
          <when>2026-07-11T13:06:37Z</when>
          <when>2026-07-11T13:06:45Z</when>
          <when>2026-07-11T13:06:55Z</when>
          <when>2026-07-11T13:07:05Z</when>
          <when>2026-07-11T13:07:16Z</when>
          <when>2026-07-11T13:09:40Z</when>
          <when>2026-07-11T13:09:48Z</when>
          <when>2026-07-11T13:09:55Z</when>
          <when>2026-07-11T13:10:03Z</when>
          <when>2026-07-11T13:10:11Z</when>
          <when>2026-07-11T13:10:19Z</when>
          <when>2026-07-11T13:10:28Z</when>
          <when>2026-07-11T13:10:37Z</when>
          <when>2026-07-11T13:10:46Z</when>
          <when>2026-07-11T13:10:54Z</when>
          <when>2026-07-11T13:11:03Z</when>
          <when>2026-07-11T13:11:12Z</when>
          <when>2026-07-11T13:11:20Z</when>
          <when>2026-07-11T13:11:28Z</when>
          <when>2026-07-11T13:11:36Z</when>
          <when>2026-07-11T13:11:44Z</when>
          <when>2026-07-11T13:11:52Z</when>
          <when>2026-07-11T13:12:04Z</when>
          <when>2026-07-11T13:12:15Z</when>
          <when>2026-07-11T13:12:24Z</when>
          <when>2026-07-11T13:12:35Z</when>
          <when>2026-07-11T13:12:45Z</when>
          <when>2026-07-11T13:12:54Z</when>
          <when>2026-07-11T13:13:04Z</when>
          <when>2026-07-11T13:13:12Z</when>
          <when>2026-07-11T13:13:20Z</when>
          <when>2026-07-11T13:13:39Z</when>
          <when>2026-07-11T13:13:47Z</when>
          <when>2026-07-11T13:13:58Z</when>
          <when>2026-07-11T13:14:08Z</when>
          <when>2026-07-11T13:14:18Z</when>
          <when>2026-07-11T13:14:27Z</when>
          <when>2026-07-11T13:14:36Z</when>
          <when>2026-07-11T13:14:46Z</when>
          <when>2026-07-11T13:14:55Z</when>
          <when>2026-07-11T13:15:04Z</when>
          <when>2026-07-11T13:15:14Z</when>
          <when>2026-07-11T13:15:23Z</when>
          <when>2026-07-11T13:15:32Z</when>
          <when>2026-07-11T13:15:41Z</when>
          <when>2026-07-11T13:15:51Z</when>
          <when>2026-07-11T13:16:08Z</when>
          <when>2026-07-11T13:16:17Z</when>
          <when>2026-07-11T13:16:26Z</when>
          <when>2026-07-11T13:16:35Z</when>
          <when>2026-07-11T13:16:43Z</when>
          <when>2026-07-11T13:16:54Z</when>
          <when>2026-07-11T13:17:02Z</when>
          <when>2026-07-11T13:17:10Z</when>
          <when>2026-07-11T13:17:23Z</when>
          <when>2026-07-11T13:17:33Z</when>
          <when>2026-07-11T13:17:40Z</when>
          <when>2026-07-11T13:18:01Z</when>
          <when>2026-07-11T13:18:13Z</when>
          <when>2026-07-11T13:18:15Z</when>
          <when>2026-07-11T13:18:17Z</when>
          <when>2026-07-11T13:18:19Z</when>
          <when>2026-07-11T13:18:21Z</when>
          <when>2026-07-11T13:18:23Z</when>
          <when>2026-07-11T13:18:25Z</when>
          <when>2026-07-11T13:18:28Z</when>
          <when>2026-07-11T13:18:31Z</when>
          <when>2026-07-11T13:18:36Z</when>
          <when>2026-07-11T13:18:38Z</when>
          <when>2026-07-11T13:18:40Z</when>
          <when>2026-07-11T13:18:42Z</when>
          <when>2026-07-11T13:18:44Z</when>
          <when>2026-07-11T13:18:46Z</when>
          <when>2026-07-11T13:18:50Z</when>
          <when>2026-07-11T13:18:52Z</when>
          <when>2026-07-11T13:18:54Z</when>
          <when>2026-07-11T13:18:56Z</when>
          <when>2026-07-11T13:18:58Z</when>
          <when>2026-07-11T13:19:00Z</when>
          <when>2026-07-11T13:19:02Z</when>
          <when>2026-07-11T13:19:04Z</when>
          <when>2026-07-11T13:19:05Z</when>
          <when>2026-07-11T13:19:07Z</when>
          <when>2026-07-11T13:19:09Z</when>
          <when>2026-07-11T13:19:11Z</when>
          <when>2026-07-11T13:19:13Z</when>
          <when>2026-07-11T13:19:15Z</when>
          <when>2026-07-11T13:19:16Z</when>
          <when>2026-07-11T13:19:17Z</when>
          <when>2026-07-11T13:19:18Z</when>
          <when>2026-07-11T13:19:19Z</when>
          <when>2026-07-11T13:19:20Z</when>
          <when>2026-07-11T13:19:21Z</when>
          <when>2026-07-11T13:19:22Z</when>
          <when>2026-07-11T13:19:23Z</when>
          <when>2026-07-11T13:19:24Z</when>
          <when>2026-07-11T13:19:25Z</when>
          <when>2026-07-11T13:19:26Z</when>
          <when>2026-07-11T13:19:27Z</when>
          <when>2026-07-11T13:19:28Z</when>
          <when>2026-07-11T13:19:29Z</when>
          <when>2026-07-11T13:19:30Z</when>
          <when>2026-07-11T13:19:31Z</when>
          <when>2026-07-11T13:19:32Z</when>
          <when>2026-07-11T13:19:33Z</when>
          <when>2026-07-11T13:19:34Z</when>
          <when>2026-07-11T13:19:35Z</when>
          <when>2026-07-11T13:19:36Z</when>
          <when>2026-07-11T13:19:37Z</when>
          <when>2026-07-11T13:19:38Z</when>
          <when>2026-07-11T13:19:39Z</when>
          <when>2026-07-11T13:19:40Z</when>
          <when>2026-07-11T13:19:42Z</when>
          <when>2026-07-11T13:19:45Z</when>
          <when>2026-07-11T13:20:14Z</when>
          <when>2026-07-11T13:20:16Z</when>
          <when>2026-07-11T13:20:18Z</when>
          <when>2026-07-11T13:20:20Z</when>
          <when>2026-07-11T13:20:22Z</when>
          <when>2026-07-11T13:20:24Z</when>
          <when>2026-07-11T13:20:26Z</when>
          <when>2026-07-11T13:20:27Z</when>
          <when>2026-07-11T13:20:28Z</when>
          <when>2026-07-11T13:20:29Z</when>
          <when>2026-07-11T13:20:30Z</when>
          <when>2026-07-11T13:20:31Z</when>
          <when>2026-07-11T13:20:32Z</when>
          <when>2026-07-11T13:20:33Z</when>
          <when>2026-07-11T13:20:34Z</when>
          <when>2026-07-11T13:20:35Z</when>
          <when>2026-07-11T13:20:36Z</when>
          <when>2026-07-11T13:20:38Z</when>
          <when>2026-07-11T13:20:40Z</when>
          <when>2026-07-11T13:20:43Z</when>
          <when>2026-07-11T13:20:56Z</when>
          <when>2026-07-11T13:20:59Z</when>
          <when>2026-07-11T13:21:01Z</when>
          <when>2026-07-11T13:21:03Z</when>
          <when>2026-07-11T13:21:04Z</when>
          <when>2026-07-11T13:21:05Z</when>
          <when>2026-07-11T13:21:06Z</when>
          <when>2026-07-11T13:21:07Z</when>
          <when>2026-07-11T13:21:08Z</when>
          <when>2026-07-11T13:21:09Z</when>
          <when>2026-07-11T13:21:10Z</when>
          <when>2026-07-11T13:21:11Z</when>
          <when>2026-07-11T13:21:12Z</when>
          <when>2026-07-11T13:21:13Z</when>
          <when>2026-07-11T13:21:14Z</when>
          <when>2026-07-11T13:21:15Z</when>
          <when>2026-07-11T13:21:16Z</when>
          <when>2026-07-11T13:21:17Z</when>
          <when>2026-07-11T13:21:18Z</when>
          <when>2026-07-11T13:21:19Z</when>
          <when>2026-07-11T13:21:20Z</when>
          <when>2026-07-11T13:21:21Z</when>
          <when>2026-07-11T13:21:22Z</when>
          <when>2026-07-11T13:21:23Z</when>
          <when>2026-07-11T13:21:24Z</when>
          <when>2026-07-11T13:21:25Z</when>
          <when>2026-07-11T13:21:26Z</when>
          <when>2026-07-11T13:21:27Z</when>
          <when>2026-07-11T13:21:28Z</when>
          <when>2026-07-11T13:21:29Z</when>
          <when>2026-07-11T13:21:30Z</when>
          <when>2026-07-11T13:21:31Z</when>
          <when>2026-07-11T13:21:32Z</when>
          <when>2026-07-11T13:21:33Z</when>
          <when>2026-07-11T13:21:34Z</when>
          <when>2026-07-11T13:21:35Z</when>
          <when>2026-07-11T13:21:36Z</when>
          <when>2026-07-11T13:21:37Z</when>
          <when>2026-07-11T13:21:39Z</when>
          <when>2026-07-11T13:21:41Z</when>
          <when>2026-07-11T13:21:43Z</when>
          <when>2026-07-11T13:21:45Z</when>
          <when>2026-07-11T13:21:50Z</when>
          <when>2026-07-11T13:21:55Z</when>
          <when>2026-07-11T13:22:18Z</when>
          <when>2026-07-11T13:22:21Z</when>
          <when>2026-07-11T13:22:24Z</when>
          <when>2026-07-11T13:22:27Z</when>
          <when>2026-07-11T13:22:29Z</when>
          <when>2026-07-11T13:22:31Z</when>
          <when>2026-07-11T13:22:33Z</when>
          <when>2026-07-11T13:22:35Z</when>
          <when>2026-07-11T13:22:36Z</when>
          <when>2026-07-11T13:22:37Z</when>
          <when>2026-07-11T13:22:38Z</when>
          <when>2026-07-11T13:22:39Z</when>
          <when>2026-07-11T13:22:40Z</when>
          <when>2026-07-11T13:22:41Z</when>
          <when>2026-07-11T13:22:42Z</when>
          <when>2026-07-11T13:22:43Z</when>
          <when>2026-07-11T13:22:44Z</when>
          <when>2026-07-11T13:22:45Z</when>
          <when>2026-07-11T13:22:46Z</when>
          <when>2026-07-11T13:22:47Z</when>
          <when>2026-07-11T13:22:48Z</when>
          <when>2026-07-11T13:22:49Z</when>
          <when>2026-07-11T13:22:50Z</when>
          <when>2026-07-11T13:22:51Z</when>
          <when>2026-07-11T13:22:52Z</when>
          <when>2026-07-11T13:22:53Z</when>
          <when>2026-07-11T13:22:54Z</when>
          <when>2026-07-11T13:22:55Z</when>
          <when>2026-07-11T13:22:56Z</when>
          <when>2026-07-11T13:22:57Z</when>
          <when>2026-07-11T13:22:58Z</when>
          <when>2026-07-11T13:22:59Z</when>
          <when>2026-07-11T13:23:01Z</when>
          <when>2026-07-11T13:23:03Z</when>
          <when>2026-07-11T13:23:05Z</when>
          <when>2026-07-11T13:23:07Z</when>
          <when>2026-07-11T13:23:09Z</when>
          <when>2026-07-11T13:23:12Z</when>
          <when>2026-07-11T13:23:14Z</when>
          <when>2026-07-11T13:23:16Z</when>
          <when>2026-07-11T13:23:18Z</when>
          <when>2026-07-11T13:23:20Z</when>
          <when>2026-07-11T13:23:23Z</when>
          <when>2026-07-11T13:23:32Z</when>
          <when>2026-07-11T13:23:35Z</when>
          <when>2026-07-11T13:23:37Z</when>
          <when>2026-07-11T13:23:39Z</when>
          <when>2026-07-11T13:23:40Z</when>
          <when>2026-07-11T13:23:41Z</when>
          <when>2026-07-11T13:23:42Z</when>
          <when>2026-07-11T13:23:44Z</when>
          <when>2026-07-11T13:23:46Z</when>
          <when>2026-07-11T13:23:49Z</when>
          <when>2026-07-11T13:23:51Z</when>
          <when>2026-07-11T13:23:53Z</when>
          <when>2026-07-11T13:23:55Z</when>
          <when>2026-07-11T13:23:57Z</when>
          <when>2026-07-11T13:24:00Z</when>
          <when>2026-07-11T13:24:03Z</when>
          <when>2026-07-11T13:24:05Z</when>
          <when>2026-07-11T13:24:07Z</when>
          <when>2026-07-11T13:24:09Z</when>
          <when>2026-07-11T13:24:11Z</when>
          <when>2026-07-11T13:24:13Z</when>
          <when>2026-07-11T13:24:15Z</when>
          <when>2026-07-11T13:24:17Z</when>
          <when>2026-07-11T13:24:19Z</when>
          <when>2026-07-11T13:24:21Z</when>
          <when>2026-07-11T13:24:22Z</when>
          <when>2026-07-11T13:24:23Z</when>
          <when>2026-07-11T13:24:25Z</when>
          <when>2026-07-11T13:24:27Z</when>
          <when>2026-07-11T13:24:29Z</when>
          <when>2026-07-11T13:24:31Z</when>
          <when>2026-07-11T13:24:53Z</when>
          <when>2026-07-11T13:24:55Z</when>
          <when>2026-07-11T13:24:56Z</when>
          <when>2026-07-11T13:24:57Z</when>
          <when>2026-07-11T13:24:58Z</when>
          <when>2026-07-11T13:24:59Z</when>
          <when>2026-07-11T13:25:00Z</when>
          <when>2026-07-11T13:25:01Z</when>
          <when>2026-07-11T13:25:02Z</when>
          <when>2026-07-11T13:25:04Z</when>
          <when>2026-07-11T13:25:06Z</when>
          <when>2026-07-11T13:25:08Z</when>
          <when>2026-07-11T13:25:10Z</when>
          <when>2026-07-11T13:25:11Z</when>
          <when>2026-07-11T13:25:12Z</when>
          <when>2026-07-11T13:25:13Z</when>
          <when>2026-07-11T13:25:14Z</when>
          <when>2026-07-11T13:25:15Z</when>
          <when>2026-07-11T13:25:16Z</when>
          <when>2026-07-11T13:25:17Z</when>
          <when>2026-07-11T13:25:18Z</when>
          <when>2026-07-11T13:25:19Z</when>
          <when>2026-07-11T13:25:20Z</when>
          <when>2026-07-11T13:25:21Z</when>
          <when>2026-07-11T13:25:22Z</when>
          <when>2026-07-11T13:25:23Z</when>
          <when>2026-07-11T13:25:24Z</when>
          <when>2026-07-11T13:25:25Z</when>
          <when>2026-07-11T13:25:26Z</when>
          <when>2026-07-11T13:25:27Z</when>
          <when>2026-07-11T13:25:28Z</when>
          <when>2026-07-11T13:25:30Z</when>
          <when>2026-07-11T13:25:31Z</when>
          <when>2026-07-11T13:25:32Z</when>
          <when>2026-07-11T13:25:34Z</when>
          <when>2026-07-11T13:25:35Z</when>
          <when>2026-07-11T13:25:36Z</when>
          <when>2026-07-11T13:25:37Z</when>
          <when>2026-07-11T13:25:38Z</when>
          <when>2026-07-11T13:25:39Z</when>
          <when>2026-07-11T13:25:40Z</when>
          <when>2026-07-11T13:25:42Z</when>
          <when>2026-07-11T13:25:44Z</when>
          <when>2026-07-11T13:25:46Z</when>
          <when>2026-07-11T13:25:48Z</when>
          <when>2026-07-11T13:25:50Z</when>
          <when>2026-07-11T13:25:52Z</when>
          <when>2026-07-11T13:25:53Z</when>
          <when>2026-07-11T13:25:55Z</when>
          <when>2026-07-11T13:25:57Z</when>
          <when>2026-07-11T13:25:59Z</when>
          <when>2026-07-11T13:26:01Z</when>
          <when>2026-07-11T13:26:03Z</when>
          <when>2026-07-11T13:26:05Z</when>
          <when>2026-07-11T13:26:07Z</when>
          <when>2026-07-11T13:26:08Z</when>
          <when>2026-07-11T13:26:09Z</when>
          <when>2026-07-11T13:26:11Z</when>
          <when>2026-07-11T13:26:12Z</when>
          <when>2026-07-11T13:26:13Z</when>
          <when>2026-07-11T13:26:14Z</when>
          <when>2026-07-11T13:26:15Z</when>
          <when>2026-07-11T13:26:16Z</when>
          <when>2026-07-11T13:26:18Z</when>
          <when>2026-07-11T13:26:20Z</when>
          <when>2026-07-11T13:26:22Z</when>
          <when>2026-07-11T13:26:24Z</when>
          <when>2026-07-11T13:26:26Z</when>
          <when>2026-07-11T13:26:28Z</when>
          <when>2026-07-11T13:26:30Z</when>
          <when>2026-07-11T13:26:32Z</when>
          <when>2026-07-11T13:26:34Z</when>
          <when>2026-07-11T13:26:36Z</when>
          <when>2026-07-11T13:26:37Z</when>
          <when>2026-07-11T13:26:38Z</when>
          <when>2026-07-11T13:26:40Z</when>
          <when>2026-07-11T13:26:42Z</when>
          <when>2026-07-11T13:26:44Z</when>
          <when>2026-07-11T13:26:46Z</when>
          <when>2026-07-11T13:26:48Z</when>
          <when>2026-07-11T13:26:50Z</when>
          <when>2026-07-11T13:26:52Z</when>
          <when>2026-07-11T13:26:54Z</when>
          <when>2026-07-11T13:26:56Z</when>
          <when>2026-07-11T13:27:20Z</when>
          <when>2026-07-11T13:27:23Z</when>
          <when>2026-07-11T13:27:25Z</when>
          <when>2026-07-11T13:27:27Z</when>
          <when>2026-07-11T13:27:29Z</when>
          <when>2026-07-11T13:27:31Z</when>
          <when>2026-07-11T13:27:32Z</when>
          <when>2026-07-11T13:27:33Z</when>
          <when>2026-07-11T13:27:34Z</when>
          <when>2026-07-11T13:27:35Z</when>
          <when>2026-07-11T13:27:36Z</when>
          <when>2026-07-11T13:27:37Z</when>
          <when>2026-07-11T13:27:38Z</when>
          <when>2026-07-11T13:27:39Z</when>
          <when>2026-07-11T13:27:40Z</when>
          <when>2026-07-11T13:27:41Z</when>
          <when>2026-07-11T13:27:42Z</when>
          <when>2026-07-11T13:27:43Z</when>
          <when>2026-07-11T13:27:44Z</when>
          <when>2026-07-11T13:27:45Z</when>
          <when>2026-07-11T13:27:46Z</when>
          <when>2026-07-11T13:27:47Z</when>
          <when>2026-07-11T13:27:48Z</when>
          <when>2026-07-11T13:27:49Z</when>
          <when>2026-07-11T13:27:50Z</when>
          <when>2026-07-11T13:27:51Z</when>
          <when>2026-07-11T13:27:52Z</when>
          <when>2026-07-11T13:27:53Z</when>
          <when>2026-07-11T13:27:54Z</when>
          <when>2026-07-11T13:27:55Z</when>
          <when>2026-07-11T13:27:56Z</when>
          <when>2026-07-11T13:27:57Z</when>
          <when>2026-07-11T13:27:58Z</when>
          <when>2026-07-11T13:28:00Z</when>
          <when>2026-07-11T13:28:02Z</when>
          <when>2026-07-11T13:28:04Z</when>
          <when>2026-07-11T13:28:29Z</when>
          <when>2026-07-11T13:28:31Z</when>
          <when>2026-07-11T13:28:33Z</when>
          <when>2026-07-11T13:28:35Z</when>
          <when>2026-07-11T13:28:36Z</when>
          <when>2026-07-11T13:28:37Z</when>
          <when>2026-07-11T13:28:38Z</when>
          <when>2026-07-11T13:28:39Z</when>
          <when>2026-07-11T13:28:40Z</when>
          <when>2026-07-11T13:28:41Z</when>
          <when>2026-07-11T13:28:42Z</when>
          <when>2026-07-11T13:28:43Z</when>
          <when>2026-07-11T13:28:44Z</when>
          <when>2026-07-11T13:28:45Z</when>
          <when>2026-07-11T13:28:46Z</when>
          <when>2026-07-11T13:28:47Z</when>
          <when>2026-07-11T13:28:48Z</when>
          <when>2026-07-11T13:28:49Z</when>
          <when>2026-07-11T13:28:50Z</when>
          <when>2026-07-11T13:28:51Z</when>
          <when>2026-07-11T13:28:52Z</when>
          <when>2026-07-11T13:28:53Z</when>
          <when>2026-07-11T13:28:54Z</when>
          <when>2026-07-11T13:28:55Z</when>
          <when>2026-07-11T13:28:56Z</when>
          <when>2026-07-11T13:28:57Z</when>
          <when>2026-07-11T13:28:58Z</when>
          <when>2026-07-11T13:28:59Z</when>
          <when>2026-07-11T13:29:00Z</when>
          <when>2026-07-11T13:29:01Z</when>
          <when>2026-07-11T13:29:02Z</when>
          <when>2026-07-11T13:29:03Z</when>
          <when>2026-07-11T13:29:04Z</when>
          <when>2026-07-11T13:29:05Z</when>
          <when>2026-07-11T13:29:06Z</when>
          <when>2026-07-11T13:29:07Z</when>
          <when>2026-07-11T13:29:08Z</when>
          <when>2026-07-11T13:29:09Z</when>
          <when>2026-07-11T13:29:10Z</when>
          <when>2026-07-11T13:29:11Z</when>
          <when>2026-07-11T13:29:13Z</when>
          <when>2026-07-11T13:29:15Z</when>
          <when>2026-07-11T13:29:17Z</when>
          <when>2026-07-11T13:29:19Z</when>
          <when>2026-07-11T13:29:21Z</when>
          <when>2026-07-11T13:29:22Z</when>
          <when>2026-07-11T13:29:23Z</when>
          <when>2026-07-11T13:29:24Z</when>
          <when>2026-07-11T13:29:25Z</when>
          <when>2026-07-11T13:29:26Z</when>
          <when>2026-07-11T13:29:27Z</when>
          <when>2026-07-11T13:29:28Z</when>
          <when>2026-07-11T13:29:29Z</when>
          <when>2026-07-11T13:29:30Z</when>
          <when>2026-07-11T13:29:31Z</when>
          <when>2026-07-11T13:29:32Z</when>
          <when>2026-07-11T13:29:33Z</when>
          <when>2026-07-11T13:29:34Z</when>
          <when>2026-07-11T13:29:35Z</when>
          <when>2026-07-11T13:29:36Z</when>
          <when>2026-07-11T13:29:37Z</when>
          <when>2026-07-11T13:29:38Z</when>
          <when>2026-07-11T13:29:39Z</when>
          <when>2026-07-11T13:29:40Z</when>
          <when>2026-07-11T13:29:41Z</when>
          <when>2026-07-11T13:29:42Z</when>
          <when>2026-07-11T13:29:43Z</when>
          <when>2026-07-11T13:29:44Z</when>
          <when>2026-07-11T13:29:45Z</when>
          <when>2026-07-11T13:29:46Z</when>
          <when>2026-07-11T13:29:47Z</when>
          <when>2026-07-11T13:29:48Z</when>
          <when>2026-07-11T13:29:49Z</when>
          <when>2026-07-11T13:29:50Z</when>
          <when>2026-07-11T13:29:51Z</when>
          <when>2026-07-11T13:29:52Z</when>
          <when>2026-07-11T13:29:53Z</when>
          <when>2026-07-11T13:29:54Z</when>
          <when>2026-07-11T13:29:55Z</when>
          <when>2026-07-11T13:29:57Z</when>
          <when>2026-07-11T13:29:58Z</when>
          <when>2026-07-11T13:30:00Z</when>
          <when>2026-07-11T13:30:02Z</when>
          <when>2026-07-11T13:30:04Z</when>
          <when>2026-07-11T13:30:06Z</when>
          <when>2026-07-11T13:30:08Z</when>
          <when>2026-07-11T13:30:10Z</when>
          <when>2026-07-11T13:30:12Z</when>
          <when>2026-07-11T13:30:14Z</when>
          <when>2026-07-11T13:30:15Z</when>
          <when>2026-07-11T13:30:16Z</when>
          <when>2026-07-11T13:30:17Z</when>
          <when>2026-07-11T13:30:18Z</when>
          <when>2026-07-11T13:30:19Z</when>
          <when>2026-07-11T13:30:20Z</when>
          <when>2026-07-11T13:30:24Z</when>
          <when>2026-07-11T13:30:25Z</when>
          <when>2026-07-11T13:30:26Z</when>
          <when>2026-07-11T13:30:27Z</when>
          <when>2026-07-11T13:30:28Z</when>
          <when>2026-07-11T13:30:29Z</when>
          <when>2026-07-11T13:30:30Z</when>
          <when>2026-07-11T13:30:31Z</when>
          <when>2026-07-11T13:30:32Z</when>
          <when>2026-07-11T13:30:33Z</when>
          <when>2026-07-11T13:30:34Z</when>
          <when>2026-07-11T13:30:35Z</when>
          <when>2026-07-11T13:30:36Z</when>
          <when>2026-07-11T13:30:37Z</when>
          <when>2026-07-11T13:30:38Z</when>
          <when>2026-07-11T13:30:39Z</when>
          <when>2026-07-11T13:30:40Z</when>
          <when>2026-07-11T13:30:41Z</when>
          <when>2026-07-11T13:30:42Z</when>
          <when>2026-07-11T13:30:43Z</when>
          <when>2026-07-11T13:30:44Z</when>
          <when>2026-07-11T13:30:45Z</when>
          <when>2026-07-11T13:30:46Z</when>
          <when>2026-07-11T13:30:47Z</when>
          <when>2026-07-11T13:30:48Z</when>
          <when>2026-07-11T13:30:49Z</when>
          <when>2026-07-11T13:30:50Z</when>
          <when>2026-07-11T13:30:51Z</when>
          <when>2026-07-11T13:30:52Z</when>
          <when>2026-07-11T13:30:53Z</when>
          <when>2026-07-11T13:30:54Z</when>
          <when>2026-07-11T13:30:55Z</when>
          <when>2026-07-11T13:30:56Z</when>
          <when>2026-07-11T13:30:57Z</when>
          <when>2026-07-11T13:30:58Z</when>
          <when>2026-07-11T13:30:59Z</when>
          <when>2026-07-11T13:31:00Z</when>
          <when>2026-07-11T13:31:01Z</when>
          <when>2026-07-11T13:31:02Z</when>
          <when>2026-07-11T13:31:03Z</when>
          <when>2026-07-11T13:31:04Z</when>
          <when>2026-07-11T13:31:05Z</when>
          <when>2026-07-11T13:31:06Z</when>
          <when>2026-07-11T13:31:07Z</when>
          <when>2026-07-11T13:31:08Z</when>
          <when>2026-07-11T13:31:09Z</when>
          <when>2026-07-11T13:31:10Z</when>
          <when>2026-07-11T13:31:11Z</when>
          <when>2026-07-11T13:31:12Z</when>
          <when>2026-07-11T13:31:13Z</when>
          <when>2026-07-11T13:31:14Z</when>
          <when>2026-07-11T13:31:15Z</when>
          <when>2026-07-11T13:31:16Z</when>
          <when>2026-07-11T13:31:17Z</when>
          <when>2026-07-11T13:31:18Z</when>
          <when>2026-07-11T13:31:19Z</when>
          <when>2026-07-11T13:31:20Z</when>
          <when>2026-07-11T13:31:21Z</when>
          <when>2026-07-11T13:31:22Z</when>
          <when>2026-07-11T13:31:23Z</when>
          <when>2026-07-11T13:31:24Z</when>
          <when>2026-07-11T13:31:25Z</when>
          <when>2026-07-11T13:31:26Z</when>
          <when>2026-07-11T13:31:27Z</when>
          <when>2026-07-11T13:31:28Z</when>
          <when>2026-07-11T13:31:29Z</when>
          <when>2026-07-11T13:31:30Z</when>
          <when>2026-07-11T13:31:31Z</when>
          <when>2026-07-11T13:31:32Z</when>
          <when>2026-07-11T13:31:33Z</when>
          <when>2026-07-11T13:31:34Z</when>
          <when>2026-07-11T13:31:35Z</when>
          <when>2026-07-11T13:31:36Z</when>
          <when>2026-07-11T13:31:37Z</when>
          <when>2026-07-11T13:31:38Z</when>
          <when>2026-07-11T13:31:39Z</when>
          <when>2026-07-11T13:31:40Z</when>
          <when>2026-07-11T13:31:41Z</when>
          <when>2026-07-11T13:31:42Z</when>
          <when>2026-07-11T13:31:43Z</when>
          <when>2026-07-11T13:31:44Z</when>
          <when>2026-07-11T13:31:45Z</when>
          <when>2026-07-11T13:31:46Z</when>
          <when>2026-07-11T13:31:47Z</when>
          <when>2026-07-11T13:31:48Z</when>
          <when>2026-07-11T13:31:49Z</when>
          <when>2026-07-11T13:31:50Z</when>
          <when>2026-07-11T13:31:51Z</when>
          <when>2026-07-11T13:31:52Z</when>
          <when>2026-07-11T13:31:54Z</when>
          <when>2026-07-11T13:31:56Z</when>
          <when>2026-07-11T13:31:58Z</when>
          <when>2026-07-11T13:32:01Z</when>
          <when>2026-07-11T13:32:12Z</when>
          <gx:coord>11.14433336 49.45882057 354.85</gx:coord>
          <gx:coord>11.14423209 49.45874644 361.68</gx:coord>
          <gx:coord>11.14412139 49.45867258 364.5</gx:coord>
          <gx:coord>11.14398488 49.45863096 365.21</gx:coord>
          <gx:coord>11.14385513 49.45859178 366.21</gx:coord>
          <gx:coord>11.14384694 49.45849744 364.01</gx:coord>
          <gx:coord>11.1439494 49.45843007 363.96</gx:coord>
          <gx:coord>11.14402115 49.45834271 364.17</gx:coord>
          <gx:coord>11.14406641 49.45825336 367.1</gx:coord>
          <gx:coord>11.14416077 49.45818677 366.24</gx:coord>
          <gx:coord>11.14422765 49.45810498 365.89</gx:coord>
          <gx:coord>11.14431807 49.45803179 363.17</gx:coord>
          <gx:coord>11.14441142 49.45796272 365.39</gx:coord>
          <gx:coord>11.14452079 49.45789929 367.46</gx:coord>
          <gx:coord>11.1444596 49.45781299 363.55</gx:coord>
          <gx:coord>11.14429975 49.45773599 362.25</gx:coord>
          <gx:coord>11.14427313 49.45764692 364.07</gx:coord>
          <gx:coord>11.14434488 49.45756948 363.61</gx:coord>
          <gx:coord>11.14439383 49.45748536 364.53</gx:coord>
          <gx:coord>11.14444918 49.45739207 363.18</gx:coord>
          <gx:coord>11.14444728 49.45729166 361.83</gx:coord>
          <gx:coord>11.14449237 49.45720293 362.59</gx:coord>
          <gx:coord>11.14458148 49.45712641 368.13</gx:coord>
          <gx:coord>11.14466287 49.45704991 364.62</gx:coord>
          <gx:coord>11.14473934 49.45696813 365.85</gx:coord>
          <gx:coord>11.14482624 49.45688678 368.59</gx:coord>
          <gx:coord>11.14492867 49.45682265 369.75</gx:coord>
          <gx:coord>11.14500587 49.45673147 372.33</gx:coord>
          <gx:coord>11.14505363 49.45663812 377.34</gx:coord>
          <gx:coord>11.14512944 49.45656287 378.79</gx:coord>
          <gx:coord>11.14523358 49.45650215 374.85</gx:coord>
          <gx:coord>11.14534186 49.45643968 374.27</gx:coord>
          <gx:coord>11.14547123 49.45639818 372.84</gx:coord>
          <gx:coord>11.14558327 49.45634009 374.59</gx:coord>
          <gx:coord>11.14570299 49.4562934 371.29</gx:coord>
          <gx:coord>11.1458245 49.45624668 374.45</gx:coord>
          <gx:coord>11.14593689 49.45619363 375.95</gx:coord>
          <gx:coord>11.14606131 49.4561339 373.7</gx:coord>
          <gx:coord>11.1461906 49.45608153 371.69</gx:coord>
          <gx:coord>11.14632161 49.45603393 371.29</gx:coord>
          <gx:coord>11.14642944 49.45597692 370.62</gx:coord>
          <gx:coord>11.14654816 49.45592097 371.92</gx:coord>
          <gx:coord>11.14666213 49.4558622 372.95</gx:coord>
          <gx:coord>11.14677785 49.45580691 372.31</gx:coord>
          <gx:coord>11.14689617 49.45574372 372</gx:coord>
          <gx:coord>11.1470445 49.45571819 370.65</gx:coord>
          <gx:coord>11.14692211 49.45566919 368.75</gx:coord>
          <gx:coord>11.14688155 49.45558196 370.76</gx:coord>
          <gx:coord>11.14690663 49.4554903 371.04</gx:coord>
          <gx:coord>11.14692732 49.45540074 371.29</gx:coord>
          <gx:coord>11.14682099 49.45533497 371.05</gx:coord>
          <gx:coord>11.14674649 49.45525837 373.21</gx:coord>
          <gx:coord>11.14661852 49.45521152 376.29</gx:coord>
          <gx:coord>11.14647482 49.45517456 376.38</gx:coord>
          <gx:coord>11.14637453 49.45511134 372.35</gx:coord>
          <gx:coord>11.14647306 49.4550436 372.79</gx:coord>
          <gx:coord>11.1463598 49.4549876 373.64</gx:coord>
          <gx:coord>11.14626537 49.45492156 372.23</gx:coord>
          <gx:coord>11.14613724 49.45486234 372.15</gx:coord>
          <gx:coord>11.14606768 49.45477928 373.91</gx:coord>
          <gx:coord>11.14594415 49.45472837 377.88</gx:coord>
          <gx:coord>11.14587661 49.45464281 378.75</gx:coord>
          <gx:coord>11.14578944 49.45457226 373.67</gx:coord>
          <gx:coord>11.14570853 49.45448867 374.49</gx:coord>
          <gx:coord>11.14565107 49.45439959 376.98</gx:coord>
          <gx:coord>11.14560444 49.45431068 374.71</gx:coord>
          <gx:coord>11.14555972 49.45422256 374.52</gx:coord>
          <gx:coord>11.14551657 49.45412989 375.57</gx:coord>
          <gx:coord>11.14550155 49.4540381 377.02</gx:coord>
          <gx:coord>11.14548079 49.45394498 374.92</gx:coord>
          <gx:coord>11.14541226 49.45386566 375.8</gx:coord>
          <gx:coord>11.14532476 49.45378441 373.75</gx:coord>
          <gx:coord>11.14521088 49.45372683 374.22</gx:coord>
          <gx:coord>11.14508474 49.4536731 375.41</gx:coord>
          <gx:coord>11.14495015 49.4536404 375.39</gx:coord>
          <gx:coord>11.14481838 49.45360572 378.66</gx:coord>
          <gx:coord>11.14469375 49.45356637 376</gx:coord>
          <gx:coord>11.14455371 49.45356446 374.78</gx:coord>
          <gx:coord>11.14440044 49.45356055 377.3</gx:coord>
          <gx:coord>11.14425311 49.45359176 376.87</gx:coord>
          <gx:coord>11.14412279 49.45363002 374.72</gx:coord>
          <gx:coord>11.14397988 49.45364604 377.67</gx:coord>
          <gx:coord>11.14386882 49.45358927 379.55</gx:coord>
          <gx:coord>11.14376443 49.45352093 379.41</gx:coord>
          <gx:coord>11.14362848 49.45350282 377.73</gx:coord>
          <gx:coord>11.14368895 49.45342005 375.31</gx:coord>
          <gx:coord>11.14370774 49.45332537 374.51</gx:coord>
          <gx:coord>11.14370084 49.45323139 375.08</gx:coord>
          <gx:coord>11.14378707 49.45316121 375.74</gx:coord>
          <gx:coord>11.1439154 49.4531163 377.45</gx:coord>
          <gx:coord>11.14402369 49.45305547 379.13</gx:coord>
          <gx:coord>11.14415114 49.45300144 379.58</gx:coord>
          <gx:coord>11.14426709 49.45294031 377.98</gx:coord>
          <gx:coord>11.14434704 49.45286529 380.09</gx:coord>
          <gx:coord>11.14443032 49.45278034 381.26</gx:coord>
          <gx:coord>11.14444048 49.45268071 382.81</gx:coord>
          <gx:coord>11.14445594 49.45257996 384.8</gx:coord>
          <gx:coord>11.14447716 49.45248191 383.05</gx:coord>
          <gx:coord>11.14451211 49.45238614 382.35</gx:coord>
          <gx:coord>11.14457698 49.45230069 383.56</gx:coord>
          <gx:coord>11.14448593 49.45222813 381.3</gx:coord>
          <gx:coord>11.14442214 49.45214492 383.44</gx:coord>
          <gx:coord>11.14449923 49.45206848 387.5</gx:coord>
          <gx:coord>11.14462844 49.45203574 384.02</gx:coord>
          <gx:coord>11.14476769 49.45200034 384.83</gx:coord>
          <gx:coord>11.14490785 49.45198956 385.89</gx:coord>
          <gx:coord>11.14505326 49.45197731 384.63</gx:coord>
          <gx:coord>11.14519122 49.45196302 387.74</gx:coord>
          <gx:coord>11.14531904 49.45191863 389.02</gx:coord>
          <gx:coord>11.1454584 49.45189952 388.41</gx:coord>
          <gx:coord>11.14560177 49.45190164 388.21</gx:coord>
          <gx:coord>11.14574383 49.45192297 387.88</gx:coord>
          <gx:coord>11.14588309 49.45192282 388.02</gx:coord>
          <gx:coord>11.1460224 49.45192154 389.78</gx:coord>
          <gx:coord>11.14616218 49.45189017 391.57</gx:coord>
          <gx:coord>11.14630925 49.4518832 396.41</gx:coord>
          <gx:coord>11.1464567 49.45186777 395.67</gx:coord>
          <gx:coord>11.14660132 49.45186031 390.95</gx:coord>
          <gx:coord>11.14674326 49.45186236 394.99</gx:coord>
          <gx:coord>11.14688623 49.45185395 396.53</gx:coord>
          <gx:coord>11.14702346 49.4518143 395.32</gx:coord>
          <gx:coord>11.14716971 49.45180732 396.02</gx:coord>
          <gx:coord>11.14731292 49.45179138 397.95</gx:coord>
          <gx:coord>11.14745804 49.45176173 398.61</gx:coord>
          <gx:coord>11.14760013 49.45173286 398.18</gx:coord>
          <gx:coord>11.14768774 49.45166339 399.9</gx:coord>
          <gx:coord>11.14776651 49.45157736 405.8</gx:coord>
          <gx:coord>11.14781109 49.45149099 404.72</gx:coord>
          <gx:coord>11.14783055 49.45139424 408.57</gx:coord>
          <gx:coord>11.14784113 49.45130361 411.65</gx:coord>
          <gx:coord>11.14788891 49.45116572 409.16</gx:coord>
          <gx:coord>11.14791004 49.45107398 403.81</gx:coord>
          <gx:coord>11.14791421 49.4509745 405.65</gx:coord>
          <gx:coord>11.14792973 49.45087699 408.01</gx:coord>
          <gx:coord>11.14783917 49.45095296 408.84</gx:coord>
          <gx:coord>11.14779533 49.45082246 409.29</gx:coord>
          <gx:coord>11.14784215 49.4509304 411.41</gx:coord>
          <gx:coord>11.14777591 49.45100989 410.03</gx:coord>
          <gx:coord>11.14768919 49.45108618 408.45</gx:coord>
          <gx:coord>11.14756723 49.45113647 408.89</gx:coord>
          <gx:coord>11.14742684 49.45113604 410.26</gx:coord>
          <gx:coord>11.14730025 49.45109218 413.75</gx:coord>
          <gx:coord>11.14721189 49.45101879 412.74</gx:coord>
          <gx:coord>11.14718533 49.45093045 412.74</gx:coord>
          <gx:coord>11.14710262 49.45085103 413.2</gx:coord>
          <gx:coord>11.14703258 49.45076601 412.48</gx:coord>
          <gx:coord>11.14693683 49.4506881 413.88</gx:coord>
          <gx:coord>11.14682573 49.45063471 413.61</gx:coord>
          <gx:coord>11.14669515 49.45059673 415.47</gx:coord>
          <gx:coord>11.14655348 49.45059686 412.65</gx:coord>
          <gx:coord>11.14641743 49.45062605 414.97</gx:coord>
          <gx:coord>11.14626601 49.45061936 412.12</gx:coord>
          <gx:coord>11.14611992 49.45061844 410.75</gx:coord>
          <gx:coord>11.14597251 49.45061718 410.04</gx:coord>
          <gx:coord>11.14582507 49.45060059 413.43</gx:coord>
          <gx:coord>11.14569369 49.450563 414.63</gx:coord>
          <gx:coord>11.14557009 49.45049891 414.61</gx:coord>
          <gx:coord>11.14543699 49.45045671 412.64</gx:coord>
          <gx:coord>11.14528937 49.45043578 410.04</gx:coord>
          <gx:coord>11.14514541 49.45041193 410.26</gx:coord>
          <gx:coord>11.14506857 49.45032769 410.83</gx:coord>
          <gx:coord>11.14505071 49.45023818 410.92</gx:coord>
          <gx:coord>11.14503156 49.45014417 413.69</gx:coord>
          <gx:coord>11.1450574 49.45004681 410.01</gx:coord>
          <gx:coord>11.14516473 49.4499798 413.49</gx:coord>
          <gx:coord>11.14530014 49.44993826 415.18</gx:coord>
          <gx:coord>11.1454199 49.44988055 421.48</gx:coord>
          <gx:coord>11.14554128 49.44982828 421.85</gx:coord>
          <gx:coord>11.1456631 49.44978281 422.46</gx:coord>
          <gx:coord>11.14574124 49.44970762 423.14</gx:coord>
          <gx:coord>11.14579305 49.44961719 419.46</gx:coord>
          <gx:coord>11.14589882 49.44954836 416.61</gx:coord>
          <gx:coord>11.14603195 49.44950934 421.2</gx:coord>
          <gx:coord>11.14617313 49.44951361 422.29</gx:coord>
          <gx:coord>11.14632454 49.44950701 423.37</gx:coord>
          <gx:coord>11.14647134 49.44949827 418.53</gx:coord>
          <gx:coord>11.14661468 49.44949635 419.8</gx:coord>
          <gx:coord>11.14675797 49.44949872 420.69</gx:coord>
          <gx:coord>11.14689953 49.44950813 422.14</gx:coord>
          <gx:coord>11.14703846 49.44952617 422.16</gx:coord>
          <gx:coord>11.14718996 49.44951849 421.38</gx:coord>
          <gx:coord>11.14732982 49.44948841 419.73</gx:coord>
          <gx:coord>11.14746888 49.44948169 422</gx:coord>
          <gx:coord>11.14759067 49.44953076 423.76</gx:coord>
          <gx:coord>11.14772092 49.44957735 424.64</gx:coord>
          <gx:coord>11.14786562 49.44957408 429.22</gx:coord>
          <gx:coord>11.14804216 49.44953063 431.91</gx:coord>
          <gx:coord>11.14818485 49.44952878 431.17</gx:coord>
          <gx:coord>11.14832862 49.44951912 432.95</gx:coord>
          <gx:coord>11.14846041 49.4495763 429.9</gx:coord>
          <gx:coord>11.14844688 49.44967148 429.89</gx:coord>
          <gx:coord>11.14853754 49.44974814 430.37</gx:coord>
          <gx:coord>11.14868162 49.44977245 431.75</gx:coord>
          <gx:coord>11.14881816 49.44974377 429.94</gx:coord>
          <gx:coord>11.14889449 49.44965817 432</gx:coord>
          <gx:coord>11.14894618 49.44956599 433.42</gx:coord>
          <gx:coord>11.14896128 49.44947615 432.9</gx:coord>
          <gx:coord>11.14898694 49.4493845 432.38</gx:coord>
          <gx:coord>11.14891648 49.44946788 432.27</gx:coord>
          <gx:coord>11.14886508 49.44944982 435.82</gx:coord>
          <gx:coord>11.14890019 49.4494475 430.67</gx:coord>
          <gx:coord>11.14898892 49.44944366 434.79</gx:coord>
          <gx:coord>11.14898849 49.44944338 435.31</gx:coord>
          <gx:coord>11.14898414 49.44944573 436.04</gx:coord>
          <gx:coord>11.14894554 49.44953642 438.88</gx:coord>
          <gx:coord>11.14883015 49.44948424 436.13</gx:coord>
          <gx:coord>11.14894295 49.44942995 435.73</gx:coord>
          <gx:coord>11.14900617 49.44946782 433.71</gx:coord>
          <gx:coord>11.14892039 49.44939073 434.33</gx:coord>
          <gx:coord>11.14897247 49.44936597 431.2</gx:coord>
          <gx:coord>11.14897302 49.44937304 432.61</gx:coord>
          <gx:coord>11.1489689 49.44937477 432.26</gx:coord>
          <gx:coord>11.14896606 49.44937096 432.7</gx:coord>
          <gx:coord>11.14894724 49.44938116 434.43</gx:coord>
          <gx:coord>11.14895212 49.44940185 437.62</gx:coord>
          <gx:coord>11.14884891 49.44946436 438.16</gx:coord>
          <gx:coord>11.14897835 49.44942372 437.8</gx:coord>
          <gx:coord>11.14911528 49.44939581 438.27</gx:coord>
          <gx:coord>11.14924884 49.44936665 438.39</gx:coord>
          <gx:coord>11.14939225 49.4493471 434.75</gx:coord>
          <gx:coord>11.14951627 49.44938702 435.64</gx:coord>
          <gx:coord>11.14965472 49.44942334 433.53</gx:coord>
          <gx:coord>11.14980237 49.44945529 433.85</gx:coord>
          <gx:coord>11.14995102 49.44948417 437.43</gx:coord>
          <gx:coord>11.15008886 49.4495096 437.73</gx:coord>
          <gx:coord>11.15015294 49.44959011 436.16</gx:coord>
          <gx:coord>11.15013798 49.44968656 436.27</gx:coord>
          <gx:coord>11.15005555 49.44960918 435.2</gx:coord>
          <gx:coord>11.15015156 49.44953684 436.4</gx:coord>
          <gx:coord>11.15023501 49.44946327 434.71</gx:coord>
          <gx:coord>11.1503796 49.44943839 432.25</gx:coord>
          <gx:coord>11.15053214 49.44945643 433.28</gx:coord>
          <gx:coord>11.15061695 49.44952739 433.62</gx:coord>
          <gx:coord>11.15074877 49.44950009 432.55</gx:coord>
          <gx:coord>11.1507382 49.44961085 429.17</gx:coord>
          <gx:coord>11.15063267 49.44954913 429.82</gx:coord>
          <gx:coord>11.15054807 49.44946909 430.62</gx:coord>
          <gx:coord>11.15063003 49.44939408 433.59</gx:coord>
          <gx:coord>11.15077738 49.44938929 430.37</gx:coord>
          <gx:coord>11.15089591 49.44943902 429.81</gx:coord>
          <gx:coord>11.1510189 49.44949006 428.79</gx:coord>
          <gx:coord>11.15113487 49.44954089 428.3</gx:coord>
          <gx:coord>11.15122464 49.44961649 426.13</gx:coord>
          <gx:coord>11.15134715 49.44967138 425.12</gx:coord>
          <gx:coord>11.15149536 49.44966182 422.91</gx:coord>
          <gx:coord>11.15164149 49.44962325 421.5</gx:coord>
          <gx:coord>11.15177015 49.44957554 420.17</gx:coord>
          <gx:coord>11.15189507 49.44953073 423.65</gx:coord>
          <gx:coord>11.15200033 49.44946744 422.01</gx:coord>
          <gx:coord>11.15209573 49.4493947 420.31</gx:coord>
          <gx:coord>11.15223312 49.44938595 422.6</gx:coord>
          <gx:coord>11.15232086 49.44946337 423.9</gx:coord>
          <gx:coord>11.15239654 49.44954114 423.9</gx:coord>
          <gx:coord>11.15252717 49.44958831 424.23</gx:coord>
          <gx:coord>11.15266012 49.44955856 419</gx:coord>
          <gx:coord>11.15279837 49.44954978 419.61</gx:coord>
          <gx:coord>11.15293932 49.44957347 420.29</gx:coord>
          <gx:coord>11.15305156 49.4496265 417.98</gx:coord>
          <gx:coord>11.1531836 49.44967328 419.56</gx:coord>
          <gx:coord>11.1533191 49.44969735 418.83</gx:coord>
          <gx:coord>11.15344814 49.44966256 418.23</gx:coord>
          <gx:coord>11.15359735 49.44962768 416.36</gx:coord>
          <gx:coord>11.15374861 49.44964037 416.4</gx:coord>
          <gx:coord>11.15387115 49.44970537 417.96</gx:coord>
          <gx:coord>11.15401621 49.44973257 418.42</gx:coord>
          <gx:coord>11.15416081 49.4497382 417.51</gx:coord>
          <gx:coord>11.15430602 49.44974151 419.01</gx:coord>
          <gx:coord>11.15444347 49.44976725 418.63</gx:coord>
          <gx:coord>11.15452616 49.44984833 419.9</gx:coord>
          <gx:coord>11.15460283 49.44992324 420.46</gx:coord>
          <gx:coord>11.1546746 49.45000996 420.75</gx:coord>
          <gx:coord>11.15474723 49.45009678 420.45</gx:coord>
          <gx:coord>11.15484409 49.45017616 421.68</gx:coord>
          <gx:coord>11.15491593 49.45025662 421.5</gx:coord>
          <gx:coord>11.15501066 49.45033224 421.39</gx:coord>
          <gx:coord>11.15514471 49.45037241 422.08</gx:coord>
          <gx:coord>11.15529453 49.45039307 421.48</gx:coord>
          <gx:coord>11.15538278 49.4503128 419.78</gx:coord>
          <gx:coord>11.15539839 49.45022243 420.67</gx:coord>
          <gx:coord>11.15544671 49.45013336 423.37</gx:coord>
          <gx:coord>11.15549643 49.4500453 422.62</gx:coord>
          <gx:coord>11.1555905 49.44997732 422.77</gx:coord>
          <gx:coord>11.15566657 49.44989529 422.62</gx:coord>
          <gx:coord>11.15571532 49.44980034 423.95</gx:coord>
          <gx:coord>11.15570553 49.44971062 423.73</gx:coord>
          <gx:coord>11.1556933 49.44960258 422.53</gx:coord>
          <gx:coord>11.15577716 49.4495259 422.46</gx:coord>
          <gx:coord>11.15589856 49.44947789 423.12</gx:coord>
          <gx:coord>11.15601728 49.44953755 423.32</gx:coord>
          <gx:coord>11.15613636 49.44960113 422.28</gx:coord>
          <gx:coord>11.15626231 49.44965383 423.34</gx:coord>
          <gx:coord>11.15636329 49.44971826 424.81</gx:coord>
          <gx:coord>11.1564676 49.44978137 424.98</gx:coord>
          <gx:coord>11.1565692 49.44984938 424.07</gx:coord>
          <gx:coord>11.15668511 49.44991546 422.85</gx:coord>
          <gx:coord>11.15681472 49.44995537 425.11</gx:coord>
          <gx:coord>11.15695067 49.44999191 424.86</gx:coord>
          <gx:coord>11.15708124 49.45003381 424.72</gx:coord>
          <gx:coord>11.15721599 49.45005949 424.31</gx:coord>
          <gx:coord>11.15735271 49.45010279 424.68</gx:coord>
          <gx:coord>11.15749112 49.45013155 424.65</gx:coord>
          <gx:coord>11.15762349 49.45016228 424.91</gx:coord>
          <gx:coord>11.15775896 49.4501886 426.02</gx:coord>
          <gx:coord>11.15788059 49.45023134 426.94</gx:coord>
          <gx:coord>11.15775401 49.45018855 425.02</gx:coord>
          <gx:coord>11.1576149 49.45015517 426.38</gx:coord>
          <gx:coord>11.15748432 49.45011518 425.62</gx:coord>
          <gx:coord>11.15734073 49.45008765 423.85</gx:coord>
          <gx:coord>11.15720315 49.45010559 425.34</gx:coord>
          <gx:coord>11.15706279 49.45010386 426.96</gx:coord>
          <gx:coord>11.15701345 49.45018784 424.17</gx:coord>
          <gx:coord>11.15698092 49.45027762 423.74</gx:coord>
          <gx:coord>11.15692745 49.45036755 425.68</gx:coord>
          <gx:coord>11.15689608 49.45045714 423.94</gx:coord>
          <gx:coord>11.15685074 49.45055183 425.09</gx:coord>
          <gx:coord>11.15683642 49.45064886 423.61</gx:coord>
          <gx:coord>11.15683312 49.45074734 424.07</gx:coord>
          <gx:coord>11.15681838 49.45083777 426.29</gx:coord>
          <gx:coord>11.1567771 49.45093148 423.32</gx:coord>
          <gx:coord>11.1566986 49.45100865 422.99</gx:coord>
          <gx:coord>11.15659134 49.4510825 424.12</gx:coord>
          <gx:coord>11.15649417 49.4511602 422.27</gx:coord>
          <gx:coord>11.1563867 49.45123187 423.01</gx:coord>
          <gx:coord>11.15627219 49.45128805 423.77</gx:coord>
          <gx:coord>11.15616912 49.45135173 420.44</gx:coord>
          <gx:coord>11.1560663 49.45142718 418.33</gx:coord>
          <gx:coord>11.1559627 49.45148658 418.4</gx:coord>
          <gx:coord>11.15585644 49.45155075 417.74</gx:coord>
          <gx:coord>11.15573522 49.4516038 417.22</gx:coord>
          <gx:coord>11.15558113 49.45161789 415.63</gx:coord>
          <gx:coord>11.15544309 49.45162906 415.16</gx:coord>
          <gx:coord>11.15530105 49.45163446 414.57</gx:coord>
          <gx:coord>11.15515128 49.45164913 414.72</gx:coord>
          <gx:coord>11.1550655 49.45172099 413.18</gx:coord>
          <gx:coord>11.15506589 49.45181731 414.46</gx:coord>
          <gx:coord>11.15501393 49.45190339 409.34</gx:coord>
          <gx:coord>11.15510985 49.45183811 403.49</gx:coord>
          <gx:coord>11.15509533 49.45172638 401.85</gx:coord>
          <gx:coord>11.15496028 49.45169658 405.52</gx:coord>
          <gx:coord>11.15482365 49.45171891 406.95</gx:coord>
          <gx:coord>11.15467822 49.45175002 407.78</gx:coord>
          <gx:coord>11.15453183 49.45175153 409.55</gx:coord>
          <gx:coord>11.15437763 49.45176479 408.81</gx:coord>
          <gx:coord>11.15423835 49.4517918 409.14</gx:coord>
          <gx:coord>11.15420545 49.45188633 403.83</gx:coord>
          <gx:coord>11.15423227 49.45198801 404.14</gx:coord>
          <gx:coord>11.15423082 49.45208633 403.83</gx:coord>
          <gx:coord>11.15422607 49.45218221 403.55</gx:coord>
          <gx:coord>11.15422059 49.45227375 402.24</gx:coord>
          <gx:coord>11.15420019 49.4523709 401.65</gx:coord>
          <gx:coord>11.15421958 49.45246089 398.6</gx:coord>
          <gx:coord>11.15424714 49.4525547 396.59</gx:coord>
          <gx:coord>11.15428534 49.45264277 397.5</gx:coord>
          <gx:coord>11.15432236 49.45273254 397.84</gx:coord>
          <gx:coord>11.15432891 49.4528262 397.87</gx:coord>
          <gx:coord>11.15428386 49.45291861 395.01</gx:coord>
          <gx:coord>11.1541933 49.45298801 392.58</gx:coord>
          <gx:coord>11.15408253 49.45304663 393.04</gx:coord>
          <gx:coord>11.15395784 49.45309829 390.87</gx:coord>
          <gx:coord>11.15382863 49.45314396 389.98</gx:coord>
          <gx:coord>11.1536856 49.4531656 387.78</gx:coord>
          <gx:coord>11.15354288 49.45319251 386.24</gx:coord>
          <gx:coord>11.15340478 49.45320997 382.68</gx:coord>
          <gx:coord>11.15325332 49.45323168 381.05</gx:coord>
          <gx:coord>11.15310992 49.45327112 380.42</gx:coord>
          <gx:coord>11.15296054 49.45330884 376.85</gx:coord>
          <gx:coord>11.15282378 49.45335557 376.78</gx:coord>
          <gx:coord>11.15268853 49.45339073 378.18</gx:coord>
          <gx:coord>11.15255771 49.45343161 379.4</gx:coord>
          <gx:coord>11.15241349 49.45346658 380.19</gx:coord>
          <gx:coord>11.15227231 49.45350532 382.71</gx:coord>
          <gx:coord>11.15213596 49.45354501 382.31</gx:coord>
          <gx:coord>11.15199796 49.45358505 381.86</gx:coord>
          <gx:coord>11.15185412 49.45361966 379.88</gx:coord>
          <gx:coord>11.15172137 49.45366398 379.88</gx:coord>
          <gx:coord>11.15158341 49.4536344 380.52</gx:coord>
          <gx:coord>11.1514636 49.4536845 379.85</gx:coord>
          <gx:coord>11.1513847 49.45376893 378.88</gx:coord>
          <gx:coord>11.15125972 49.45382046 380.66</gx:coord>
          <gx:coord>11.15113251 49.45387794 381.44</gx:coord>
          <gx:coord>11.15101874 49.45393191 381.12</gx:coord>
          <gx:coord>11.15090734 49.45399487 381.84</gx:coord>
          <gx:coord>11.15078999 49.45404464 382.06</gx:coord>
          <gx:coord>11.15065815 49.45408246 382.62</gx:coord>
          <gx:coord>11.15053729 49.45413915 381.35</gx:coord>
          <gx:coord>11.15041737 49.45418435 379.98</gx:coord>
          <gx:coord>11.15029983 49.45424468 379.44</gx:coord>
          <gx:coord>11.15018179 49.45429218 379.05</gx:coord>
          <gx:coord>11.15007249 49.45435456 377.26</gx:coord>
          <gx:coord>11.14996295 49.45441032 377.49</gx:coord>
          <gx:coord>11.14984608 49.4544689 378.8</gx:coord>
          <gx:coord>11.14971898 49.45451254 377.57</gx:coord>
          <gx:coord>11.14961765 49.45457377 379.58</gx:coord>
          <gx:coord>11.149496 49.45462956 380.89</gx:coord>
          <gx:coord>11.14936497 49.45468495 381.71</gx:coord>
          <gx:coord>11.14926473 49.45475066 382.64</gx:coord>
          <gx:coord>11.14915578 49.45481164 382.49</gx:coord>
          <gx:coord>11.14903156 49.4548597 381.86</gx:coord>
          <gx:coord>11.14890804 49.45491232 380.81</gx:coord>
          <gx:coord>11.14878559 49.4549725 382.09</gx:coord>
          <gx:coord>11.14866007 49.45503113 381.41</gx:coord>
          <gx:coord>11.1485296 49.45507926 383.72</gx:coord>
          <gx:coord>11.1484012 49.45513278 380.72</gx:coord>
          <gx:coord>11.14827225 49.45519067 380.96</gx:coord>
          <gx:coord>11.14815117 49.4552457 379.42</gx:coord>
          <gx:coord>11.14803811 49.45530766 378.89</gx:coord>
          <gx:coord>11.1479075 49.45536294 379.16</gx:coord>
          <gx:coord>11.14778912 49.45542102 375.97</gx:coord>
          <gx:coord>11.14768063 49.45548624 377.15</gx:coord>
          <gx:coord>11.14755431 49.45552745 377.42</gx:coord>
          <gx:coord>11.14742578 49.45556355 378.05</gx:coord>
          <gx:coord>11.14729471 49.45561831 377.55</gx:coord>
          <gx:coord>11.14716765 49.45567806 378.12</gx:coord>
          <gx:coord>11.14703724 49.45571746 377</gx:coord>
          <gx:coord>11.14688928 49.45574661 373.11</gx:coord>
          <gx:coord>11.14676808 49.4558075 374.78</gx:coord>
          <gx:coord>11.14663965 49.45584487 377.95</gx:coord>
          <gx:coord>11.14655248 49.45591701 377.62</gx:coord>
          <gx:coord>11.14643571 49.45597903 376.52</gx:coord>
          <gx:coord>11.14631504 49.45603983 376.54</gx:coord>
          <gx:coord>11.14619488 49.45608649 379.92</gx:coord>
          <gx:coord>11.14608533 49.456152 380.28</gx:coord>
          <gx:coord>11.14596744 49.45620746 379.7</gx:coord>
          <gx:coord>11.14585044 49.45626677 378.64</gx:coord>
          <gx:coord>11.1457363 49.45632258 376.07</gx:coord>
          <gx:coord>11.14561277 49.45637335 376.86</gx:coord>
          <gx:coord>11.14549346 49.45643272 377.83</gx:coord>
          <gx:coord>11.14537561 49.45649741 376.93</gx:coord>
          <gx:coord>11.14525503 49.45655902 375.79</gx:coord>
          <gx:coord>11.14514418 49.45661734 376.47</gx:coord>
          <gx:coord>11.14501752 49.45670103 373.68</gx:coord>
          <gx:coord>11.14495842 49.45678422 371.6</gx:coord>
          <gx:coord>11.14485662 49.45685674 372.03</gx:coord>
          <gx:coord>11.14478881 49.4569352 370.94</gx:coord>
          <gx:coord>11.14468641 49.45700282 370.48</gx:coord>
          <gx:coord>11.1446005 49.45708155 370.41</gx:coord>
          <gx:coord>11.14452613 49.45716637 370.49</gx:coord>
          <gx:coord>11.144645 49.45722855 367.6</gx:coord>
          <gx:coord>11.14477331 49.45727986 366.07</gx:coord>
          <gx:coord>11.14488796 49.45733479 365.18</gx:coord>
          <gx:coord>11.1450068 49.45739504 363.02</gx:coord>
          <gx:coord>11.14512797 49.45744875 364.29</gx:coord>
          <gx:coord>11.14525838 49.45750026 363.1</gx:coord>
          <gx:coord>11.14538615 49.45755663 363.05</gx:coord>
          <gx:coord>11.14548779 49.45762383 364.69</gx:coord>
          <gx:coord>11.14561306 49.45766748 363.87</gx:coord>
          <gx:coord>11.14573704 49.45772302 366.03</gx:coord>
          <gx:coord>11.14586117 49.45777156 364.56</gx:coord>
          <gx:coord>11.14597906 49.45783839 361.14</gx:coord>
          <gx:coord>11.1460825 49.45790808 363.1</gx:coord>
          <gx:coord>11.14621544 49.45795753 364.16</gx:coord>
          <gx:coord>11.14633446 49.45802237 362.09</gx:coord>
          <gx:coord>11.14642369 49.45809386 366.15</gx:coord>
          <gx:coord>11.14655691 49.45814405 363.32</gx:coord>
          <gx:coord>11.14667372 49.45820652 361.74</gx:coord>
          <gx:coord>11.14680279 49.45825451 364.93</gx:coord>
          <gx:coord>11.14692279 49.45831215 363.45</gx:coord>
          <gx:coord>11.14704023 49.45836946 364.6</gx:coord>
          <gx:coord>11.14717706 49.4584001 364.02</gx:coord>
          <gx:coord>11.14732954 49.4584099 364.26</gx:coord>
          <gx:coord>11.14748023 49.4584037 363.41</gx:coord>
          <gx:coord>11.14761993 49.45839857 365.74</gx:coord>
          <gx:coord>11.14776527 49.45841631 366.58</gx:coord>
          <gx:coord>11.14790362 49.45842408 367.63</gx:coord>
          <gx:coord>11.14801835 49.45837273 366.42</gx:coord>
          <gx:coord>11.14795393 49.45839793 366.11</gx:coord>
          <gx:coord>11.1478108 49.45839918 363.95</gx:coord>
          <gx:coord>11.14767038 49.4584278 365.64</gx:coord>
          <gx:coord>11.14752777 49.45839931 366.93</gx:coord>
          <gx:coord>11.1473896 49.45841648 368.27</gx:coord>
          <gx:coord>11.14725013 49.45841745 365.83</gx:coord>
          <gx:coord>11.14711582 49.45838994 363.89</gx:coord>
          <gx:coord>11.14699668 49.45833341 361.73</gx:coord>
          <gx:coord>11.14689028 49.45827238 364.32</gx:coord>
          <gx:coord>11.14677754 49.4582202 364.58</gx:coord>
          <gx:coord>11.14664766 49.45817184 362.74</gx:coord>
          <gx:coord>11.14653497 49.45811377 360.76</gx:coord>
          <gx:coord>11.14640491 49.45805668 364.23</gx:coord>
          <gx:coord>11.1462883 49.45798817 363.79</gx:coord>
          <gx:coord>11.14617003 49.45792717 364.08</gx:coord>
          <gx:coord>11.14605609 49.45785808 364.55</gx:coord>
          <gx:coord>11.14594188 49.4577945 366.57</gx:coord>
          <gx:coord>11.14585263 49.4577171 367.71</gx:coord>
          <gx:coord>11.14571878 49.45768495 366.63</gx:coord>
          <gx:coord>11.14560627 49.45762985 368.12</gx:coord>
          <gx:coord>11.14545981 49.45759885 367.76</gx:coord>
          <gx:coord>11.14534296 49.45755083 365.85</gx:coord>
          <gx:coord>11.14522859 49.45749416 363.57</gx:coord>
          <gx:coord>11.1451029 49.45743487 361.8</gx:coord>
          <gx:coord>11.14497414 49.4573758 363.51</gx:coord>
          <gx:coord>11.14486169 49.45731009 363.92</gx:coord>
          <gx:coord>11.14472646 49.45726161 366.78</gx:coord>
          <gx:coord>11.14460621 49.45721485 365.57</gx:coord>
          <gx:coord>11.14451174 49.45728754 365.29</gx:coord>
          <gx:coord>11.14449112 49.45737718 364.68</gx:coord>
          <gx:coord>11.14441678 49.45745632 364.24</gx:coord>
          <gx:coord>11.14432022 49.45752766 364.16</gx:coord>
          <gx:coord>11.14422835 49.45759622 364.1</gx:coord>
          <gx:coord>11.14422893 49.45769015 364.06</gx:coord>
          <gx:coord>11.14435228 49.45774305 362.98</gx:coord>
          <gx:coord>11.14445962 49.45781434 361.65</gx:coord>
          <gx:coord>11.14446418 49.45790916 364.96</gx:coord>
          <gx:coord>11.14436376 49.45797141 365.13</gx:coord>
          <gx:coord>11.1442941 49.45805575 364.05</gx:coord>
          <gx:coord>11.14420694 49.45813643 363.83</gx:coord>
          <gx:coord>11.14406662 49.458107 363</gx:coord>
          <gx:coord>11.14417285 49.45816567 363.05</gx:coord>
          <gx:coord>11.14410452 49.45824607 363.77</gx:coord>
          <gx:coord>11.14400583 49.45831864 363.7</gx:coord>
          <gx:coord>11.1439391 49.45840623 364.69</gx:coord>
          <gx:coord>11.14386242 49.45849099 365.95</gx:coord>
          <gx:coord>11.14377383 49.45857403 363.78</gx:coord>
          <gx:coord>11.14368661 49.45865004 365.46</gx:coord>
          <gx:coord>11.14359519 49.45873155 367.73</gx:coord>
          <gx:coord>11.14359961 49.45863827 362.93</gx:coord>
          <gx:coord>11.14370524 49.45857533 360.47</gx:coord>
          <gx:coord>11.14385144 49.45854147 361.87</gx:coord>
          <gx:coord>11.14392178 49.45862748 363.76</gx:coord>
          <gx:coord>11.14405755 49.4586628 362.6</gx:coord>
          <gx:coord>11.14444799 49.45877146 362.19</gx:coord>
          <gx:coord>11.14460726 49.45883752 363.11</gx:coord>
          <gx:coord>11.14477242 49.45889471 363.74</gx:coord>
          <gx:coord>11.14492882 49.45895403 364.31</gx:coord>
          <gx:coord>11.1450663 49.45901491 364</gx:coord>
          <gx:coord>11.14518601 49.4590683 363.76</gx:coord>
          <gx:coord>11.14532687 49.45912108 363.66</gx:coord>
          <gx:coord>11.14546757 49.45918386 363.45</gx:coord>
          <gx:coord>11.14554414 49.45928452 363.51</gx:coord>
          <gx:coord>11.14547184 49.45937186 363.68</gx:coord>
          <gx:coord>11.14534969 49.45948141 363.79</gx:coord>
          <gx:coord>11.14521348 49.45959642 363.6</gx:coord>
          <gx:coord>11.14510567 49.45971339 363.29</gx:coord>
          <gx:coord>11.14502935 49.45979403 363.63</gx:coord>
          <gx:coord>11.14488587 49.45983587 364.3</gx:coord>
          <gx:coord>11.14472863 49.45979858 364.37</gx:coord>
          <gx:coord>11.14451515 49.4597333 363.08</gx:coord>
          <gx:coord>11.14427839 49.45966333 363.5</gx:coord>
          <gx:coord>11.14403824 49.45959319 363.7</gx:coord>
          <gx:coord>11.14381016 49.45954518 363.11</gx:coord>
          <gx:coord>11.14359316 49.45948886 363.59</gx:coord>
          <gx:coord>11.14334429 49.45943322 363.59</gx:coord>
          <gx:coord>11.1432119 49.45940089 363.33</gx:coord>
          <gx:coord>11.14298578 49.45935687 363.04</gx:coord>
          <gx:coord>11.14281454 49.45934953 363.97</gx:coord>
          <gx:coord>11.14268997 49.45941198 364.02</gx:coord>
          <gx:coord>11.14260726 49.45952488 364.61</gx:coord>
          <gx:coord>11.14253484 49.45967056 364.89</gx:coord>
          <gx:coord>11.14248456 49.45976328 365.65</gx:coord>
          <gx:coord>11.14243585 49.45986497 365.75</gx:coord>
          <gx:coord>11.14237662 49.459963 366.21</gx:coord>
          <gx:coord>11.14233103 49.46006906 366.08</gx:coord>
          <gx:coord>11.14228579 49.46017326 366.26</gx:coord>
          <gx:coord>11.14223815 49.46028032 366.75</gx:coord>
          <gx:coord>11.14218614 49.46039327 367.15</gx:coord>
          <gx:coord>11.14213347 49.46050357 367.37</gx:coord>
          <gx:coord>11.14207687 49.46061639 368.22</gx:coord>
          <gx:coord>11.14202264 49.4607303 369.06</gx:coord>
          <gx:coord>11.14196599 49.46082972 369.69</gx:coord>
          <gx:coord>11.14191236 49.46093613 369.68</gx:coord>
          <gx:coord>11.14186189 49.4610427 368.88</gx:coord>
          <gx:coord>11.1418112 49.46113983 369.01</gx:coord>
          <gx:coord>11.14176346 49.46124378 367.91</gx:coord>
          <gx:coord>11.1417087 49.46135669 367.74</gx:coord>
          <gx:coord>11.14165644 49.46146679 367.59</gx:coord>
          <gx:coord>11.14160653 49.46157642 367.52</gx:coord>
          <gx:coord>11.14156452 49.46168322 366.47</gx:coord>
          <gx:coord>11.14152 49.46178868 365.91</gx:coord>
          <gx:coord>11.14147498 49.46189399 365.74</gx:coord>
          <gx:coord>11.14143579 49.46199811 365.04</gx:coord>
          <gx:coord>11.14139511 49.46209901 364.69</gx:coord>
          <gx:coord>11.14135722 49.46219575 364.57</gx:coord>
          <gx:coord>11.14131891 49.46228611 364.33</gx:coord>
          <gx:coord>11.14126308 49.46243115 363.87</gx:coord>
          <gx:coord>11.14123279 49.46252903 363.57</gx:coord>
          <gx:coord>11.14119087 49.46263652 364.4</gx:coord>
          <gx:coord>11.14116132 49.46272769 364.59</gx:coord>
          <gx:coord>11.14108788 49.46282814 362.78</gx:coord>
          <gx:coord>11.14092644 49.46285302 362.4</gx:coord>
          <gx:coord>11.14072068 49.46281109 362.47</gx:coord>
          <gx:coord>11.14050186 49.46274829 363.09</gx:coord>
          <gx:coord>11.14025562 49.46267803 361.98</gx:coord>
          <gx:coord>11.1401089 49.4626414 361.92</gx:coord>
          <gx:coord>11.13997362 49.46260339 361.16</gx:coord>
          <gx:coord>11.1398299 49.46255896 360.62</gx:coord>
          <gx:coord>11.13966776 49.46251374 360.54</gx:coord>
          <gx:coord>11.1395142 49.46247279 360.35</gx:coord>
          <gx:coord>11.13936881 49.4624368 360.34</gx:coord>
          <gx:coord>11.13923964 49.46240231 359.47</gx:coord>
          <gx:coord>11.13908861 49.46236094 359.25</gx:coord>
          <gx:coord>11.13895395 49.46232201 359.57</gx:coord>
          <gx:coord>11.13882333 49.46228306 359.92</gx:coord>
          <gx:coord>11.13857298 49.46221643 358.94</gx:coord>
          <gx:coord>11.1384155 49.46217172 360.32</gx:coord>
          <gx:coord>11.1382559 49.4621418 359.65</gx:coord>
          <gx:coord>11.13810909 49.46211669 360.86</gx:coord>
          <gx:coord>11.13798002 49.46207786 361.16</gx:coord>
          <gx:coord>11.13780535 49.46202907 361.12</gx:coord>
          <gx:coord>11.13757139 49.46197596 361.37</gx:coord>
          <gx:coord>11.13744131 49.46193851 361.32</gx:coord>
          <gx:coord>11.1372968 49.46190074 361.75</gx:coord>
          <gx:coord>11.13714319 49.46186773 361.1</gx:coord>
          <gx:coord>11.13697888 49.46183965 360.93</gx:coord>
          <gx:coord>11.13680375 49.46181101 360.63</gx:coord>
          <gx:coord>11.13663096 49.46178074 361.12</gx:coord>
          <gx:coord>11.13646457 49.46175033 361.24</gx:coord>
          <gx:coord>11.13629035 49.4617231 361.04</gx:coord>
          <gx:coord>11.13611666 49.46169386 361.35</gx:coord>
          <gx:coord>11.13594142 49.46167157 361.14</gx:coord>
          <gx:coord>11.13576177 49.46164766 361.16</gx:coord>
          <gx:coord>11.13558838 49.46162608 361.11</gx:coord>
          <gx:coord>11.13541137 49.46160621 360.78</gx:coord>
          <gx:coord>11.13523082 49.46158754 360.91</gx:coord>
          <gx:coord>11.13505276 49.46156261 360.9</gx:coord>
          <gx:coord>11.13487651 49.46154039 360.86</gx:coord>
          <gx:coord>11.13469721 49.4615241 360.04</gx:coord>
          <gx:coord>11.13452111 49.46150265 359.77</gx:coord>
          <gx:coord>11.1343465 49.4614747 359.7</gx:coord>
          <gx:coord>11.13418116 49.4614412 359</gx:coord>
          <gx:coord>11.13403106 49.4613933 357.81</gx:coord>
          <gx:coord>11.1338745 49.46134108 358.28</gx:coord>
          <gx:coord>11.13372222 49.46128669 357.96</gx:coord>
          <gx:coord>11.13357468 49.46121666 358.3</gx:coord>
          <gx:coord>11.13344437 49.4611426 358.11</gx:coord>
          <gx:coord>11.13331326 49.46106378 357.72</gx:coord>
          <gx:coord>11.13319115 49.46098689 357.95</gx:coord>
          <gx:coord>11.13307149 49.46091335 358.14</gx:coord>
          <gx:coord>11.13294956 49.46083377 357.97</gx:coord>
          <gx:coord>11.13282265 49.4607542 357.77</gx:coord>
          <gx:coord>11.13270504 49.4606822 358.03</gx:coord>
          <gx:coord>11.13259208 49.46060946 358.16</gx:coord>
          <gx:coord>11.13248661 49.46054093 357.78</gx:coord>
          <gx:coord>11.13239294 49.460472 358.05</gx:coord>
          <gx:coord>11.13220942 49.46035386 358.53</gx:coord>
          <gx:coord>11.13202283 49.46023566 358.89</gx:coord>
          <gx:coord>11.13182567 49.46012446 358.95</gx:coord>
          <gx:coord>11.13168714 49.46005052 359.34</gx:coord>
          <gx:coord>11.13157567 49.45998893 359.7</gx:coord>
          <gx:coord>11.13143609 49.45990457 360.49</gx:coord>
          <gx:coord>11.13133114 49.45984235 360.11</gx:coord>
          <gx:coord>11.13132808 49.4597414 359.56</gx:coord>
          <gx:coord>11.13142036 49.45965934 360.87</gx:coord>
          <gx:coord>11.13150258 49.45958672 360.78</gx:coord>
          <gx:coord>11.13158455 49.45951081 360.65</gx:coord>
          <gx:coord>11.13169581 49.45940182 360.31</gx:coord>
          <gx:coord>11.13181037 49.45927056 359.44</gx:coord>
          <gx:coord>11.13195565 49.45911886 358.7</gx:coord>
          <gx:coord>11.13203065 49.45903487 358.23</gx:coord>
          <gx:coord>11.1321127 49.45894464 357.98</gx:coord>
          <gx:coord>11.13218654 49.45885366 357.7</gx:coord>
          <gx:coord>11.1322634 49.45875711 357.59</gx:coord>
          <gx:coord>11.1323188 49.45864684 356.99</gx:coord>
          <gx:coord>11.13235909 49.45855864 357.77</gx:coord>
          <gx:coord>11.13240846 49.45846826 358.81</gx:coord>
          <gx:coord>11.13245086 49.45837716 359.96</gx:coord>
          <gx:coord>11.13249093 49.45828663 360.42</gx:coord>
          <gx:coord>11.13253357 49.4581908 360.77</gx:coord>
          <gx:coord>11.13257973 49.45809948 361.66</gx:coord>
          <gx:coord>11.13261558 49.45800918 361.46</gx:coord>
          <gx:coord>11.13265055 49.45791565 361.6</gx:coord>
          <gx:coord>11.1326872 49.45782121 361.75</gx:coord>
          <gx:coord>11.13272505 49.45772841 362.04</gx:coord>
          <gx:coord>11.13276373 49.45762998 362.23</gx:coord>
          <gx:coord>11.13280597 49.45752741 362.61</gx:coord>
          <gx:coord>11.13284465 49.45742185 362.72</gx:coord>
          <gx:coord>11.13288599 49.45731736 362.68</gx:coord>
          <gx:coord>11.13292954 49.45721284 362.43</gx:coord>
          <gx:coord>11.13297773 49.45711871 362.51</gx:coord>
          <gx:coord>11.13302055 49.45701777 362.59</gx:coord>
          <gx:coord>11.13306886 49.45692368 362.67</gx:coord>
          <gx:coord>11.13311259 49.45683754 362.45</gx:coord>
          <gx:coord>11.13317435 49.4567072 362.16</gx:coord>
          <gx:coord>11.13332385 49.45665603 362.3</gx:coord>
          <gx:coord>11.13353179 49.45671046 361.8</gx:coord>
          <gx:coord>11.13372986 49.45677806 361.78</gx:coord>
          <gx:coord>11.13392462 49.45683515 361.93</gx:coord>
          <gx:coord>11.13408329 49.45688053 361.8</gx:coord>
          <gx:coord>11.13421256 49.45692317 361.38</gx:coord>
          <gx:coord>11.13440618 49.45698282 360.54</gx:coord>
          <gx:coord>11.13460926 49.45704472 360.67</gx:coord>
          <gx:coord>11.13475936 49.45708618 360.95</gx:coord>
          <gx:coord>11.13492844 49.45712759 359.4</gx:coord>
          <gx:coord>11.1350616 49.4571667 360.23</gx:coord>
          <gx:coord>11.13526187 49.45722551 359.25</gx:coord>
          <gx:coord>11.13548311 49.45730005 358.73</gx:coord>
          <gx:coord>11.13572835 49.45737702 359.7</gx:coord>
          <gx:coord>11.13586615 49.45740872 359.65</gx:coord>
          <gx:coord>11.13600796 49.45744761 358.95</gx:coord>
          <gx:coord>11.13615655 49.45748448 359.37</gx:coord>
          <gx:coord>11.13641466 49.45755357 359.68</gx:coord>
          <gx:coord>11.13660139 49.45760784 360.38</gx:coord>
          <gx:coord>11.13670085 49.45770476 360.32</gx:coord>
          <gx:coord>11.13663536 49.45783028 360.92</gx:coord>
          <gx:coord>11.13651945 49.45798522 360.59</gx:coord>
          <gx:coord>11.1364132 49.45814685 360.43</gx:coord>
          <gx:coord>11.13633952 49.45827751 360.62</gx:coord>
          <gx:coord>11.13625445 49.4583565 359.78</gx:coord>
          <gx:coord>11.1360261 49.45832114 359.59</gx:coord>
          <gx:coord>11.13580928 49.45827539 360.12</gx:coord>
          <gx:coord>11.13559838 49.45821731 359.21</gx:coord>
          <gx:coord>11.13540456 49.45815784 357.8</gx:coord>
          <gx:coord>11.13519746 49.45811495 357.28</gx:coord>
          <gx:coord>11.1349953 49.45808323 356.83</gx:coord>
          <gx:coord>11.13481065 49.45806386 357.72</gx:coord>
          <gx:coord>11.13461589 49.45803131 358.37</gx:coord>
          <gx:coord>11.13437791 49.45800428 357.54</gx:coord>
          <gx:coord>11.13413225 49.45797411 356.94</gx:coord>
          <gx:coord>11.13398356 49.45794797 357.48</gx:coord>
          <gx:coord>11.13384724 49.45793012 356.78</gx:coord>
          <gx:coord>11.13357867 49.45789358 355.7</gx:coord>
          <gx:coord>11.13331952 49.45786749 356.14</gx:coord>
          <gx:coord>11.13309133 49.45784185 356.73</gx:coord>
          <gx:coord>11.13289411 49.45781895 356.32</gx:coord>
          <gx:coord>11.13278858 49.45771465 358.8</gx:coord>
          <gx:coord>11.13280346 49.45757409 357.81</gx:coord>
          <gx:coord>11.13284528 49.45746906 357.99</gx:coord>
          <gx:coord>11.13287915 49.45736853 358.2</gx:coord>
          <gx:coord>11.13292585 49.45725103 357.94</gx:coord>
          <gx:coord>11.13296835 49.45713808 358.77</gx:coord>
          <gx:coord>11.13302126 49.45702778 358.84</gx:coord>
          <gx:coord>11.13305222 49.4569303 358.45</gx:coord>
          <gx:coord>11.13311441 49.45683015 358.14</gx:coord>
          <gx:coord>11.13315782 49.45671321 358.48</gx:coord>
          <gx:coord>11.13308919 49.45661659 357.95</gx:coord>
          <gx:coord>11.13290265 49.45653285 358.13</gx:coord>
          <gx:coord>11.13266414 49.45643413 358.81</gx:coord>
          <gx:coord>11.13254045 49.45637763 359.85</gx:coord>
          <gx:coord>11.13241639 49.45631769 359.44</gx:coord>
          <gx:coord>11.13229588 49.45625114 359.08</gx:coord>
          <gx:coord>11.13216624 49.45617748 358.74</gx:coord>
          <gx:coord>11.13204406 49.45610917 358.67</gx:coord>
          <gx:coord>11.13191443 49.45604193 358.73</gx:coord>
          <gx:coord>11.13177822 49.45597067 358.6</gx:coord>
          <gx:coord>11.13163941 49.45590497 358.27</gx:coord>
          <gx:coord>11.13150731 49.45583465 358.51</gx:coord>
          <gx:coord>11.13137871 49.45575961 358.55</gx:coord>
          <gx:coord>11.13124487 49.45569088 358.18</gx:coord>
          <gx:coord>11.13112049 49.45562404 357.69</gx:coord>
          <gx:coord>11.13099856 49.45555956 358.09</gx:coord>
          <gx:coord>11.13087593 49.4554961 357.86</gx:coord>
          <gx:coord>11.13076126 49.45542531 357.97</gx:coord>
          <gx:coord>11.13064725 49.45535034 357.81</gx:coord>
          <gx:coord>11.1305349 49.45528236 357.59</gx:coord>
          <gx:coord>11.1304235 49.45521895 357.45</gx:coord>
          <gx:coord>11.130198 49.45508933 356.64</gx:coord>
          <gx:coord>11.13008957 49.45502279 356.46</gx:coord>
          <gx:coord>11.12996905 49.4549573 356.42</gx:coord>
          <gx:coord>11.12974736 49.45484715 356.38</gx:coord>
          <gx:coord>11.12960371 49.45478244 355.7</gx:coord>
          <gx:coord>11.12947188 49.45471934 355.97</gx:coord>
          <gx:coord>11.12934793 49.45465411 355.83</gx:coord>
          <gx:coord>11.12922431 49.45459041 355.31</gx:coord>
          <gx:coord>11.12911946 49.45452519 355.9</gx:coord>
          <gx:coord>11.12901183 49.45446375 355.92</gx:coord>
          <gx:coord>11.12880609 49.45435582 356.88</gx:coord>
          <gx:coord>11.12861659 49.45427151 358</gx:coord>
          <gx:coord>11.1284908 49.45419011 357.59</gx:coord>
          <gx:coord>11.1283377 49.45411542 358.18</gx:coord>
          <gx:coord>11.12816415 49.45401339 359</gx:coord>
          <gx:coord>11.12795695 49.45388597 358.25</gx:coord>
          <gx:coord>11.12783955 49.45382843 358.03</gx:coord>
          <gx:coord>11.12765268 49.45372534 358.27</gx:coord>
          <gx:coord>11.1274479 49.45363381 358.51</gx:coord>
          <gx:coord>11.1272426 49.4535358 358.27</gx:coord>
          <gx:coord>11.12704658 49.45342904 358.58</gx:coord>
          <gx:coord>11.12684261 49.45332908 358.35</gx:coord>
          <gx:coord>11.12663384 49.45322421 358.49</gx:coord>
          <gx:coord>11.12641747 49.45311101 359.15</gx:coord>
          <gx:coord>11.1263034 49.4530534 358.99</gx:coord>
          <gx:coord>11.12619154 49.4529998 359.22</gx:coord>
          <gx:coord>11.12596699 49.45289129 359.08</gx:coord>
          <gx:coord>11.12585215 49.45283549 359.12</gx:coord>
          <gx:coord>11.12574232 49.45277906 359.01</gx:coord>
          <gx:coord>11.12563629 49.45272107 359.08</gx:coord>
          <gx:coord>11.12552597 49.45266317 358.76</gx:coord>
          <gx:coord>11.1254102 49.45261422 358.76</gx:coord>
          <gx:coord>11.12517183 49.45258549 358.96</gx:coord>
          <gx:coord>11.12493795 49.45263438 359.34</gx:coord>
          <gx:coord>11.12470167 49.45271503 359.25</gx:coord>
          <gx:coord>11.12450042 49.45281475 359.54</gx:coord>
          <gx:coord>11.12430592 49.45292551 359.32</gx:coord>
          <gx:coord>11.12414347 49.45301448 360.39</gx:coord>
          <gx:coord>11.12401987 49.45308281 359.89</gx:coord>
          <gx:coord>11.12389302 49.45315628 358.66</gx:coord>
          <gx:coord>11.12371268 49.45325182 359.49</gx:coord>
          <gx:coord>11.12352487 49.45336421 359.56</gx:coord>
          <gx:coord>11.12341725 49.45342334 359.34</gx:coord>
          <gx:coord>11.123313 49.45348518 359.83</gx:coord>
          <gx:coord>11.12314435 49.45358268 359.89</gx:coord>
          <gx:coord>11.12299842 49.45362567 360.35</gx:coord>
          <gx:coord>11.12283625 49.45358051 359.64</gx:coord>
          <gx:coord>11.12271606 49.45345802 359.14</gx:coord>
          <gx:coord>11.12255137 49.45333324 359.35</gx:coord>
          <gx:coord>11.12237087 49.45321755 359.92</gx:coord>
          <gx:coord>11.12219809 49.45312137 359.88</gx:coord>
          <gx:coord>11.1220401 49.45303354 359.7</gx:coord>
          <gx:coord>11.12190695 49.45296186 359.29</gx:coord>
          <gx:coord>11.12176869 49.45289832 358.87</gx:coord>
          <gx:coord>11.12158995 49.45282923 358.49</gx:coord>
          <gx:coord>11.12146659 49.45275644 358.86</gx:coord>
          <gx:coord>11.12143377 49.45264914 358.53</gx:coord>
          <gx:coord>11.12153343 49.45250725 359.18</gx:coord>
          <gx:coord>11.12168622 49.45234842 358.94</gx:coord>
          <gx:coord>11.12177695 49.45225102 358.87</gx:coord>
          <gx:coord>11.12186143 49.45215632 358.93</gx:coord>
          <gx:coord>11.12195709 49.45204471 359</gx:coord>
          <gx:coord>11.12205438 49.45192479 359.48</gx:coord>
          <gx:coord>11.12213817 49.45181373 359.53</gx:coord>
          <gx:coord>11.12223308 49.4516819 359.52</gx:coord>
          <gx:coord>11.12232116 49.45155074 359.54</gx:coord>
          <gx:coord>11.12240196 49.45142469 359.68</gx:coord>
          <gx:coord>11.12249229 49.45127765 359.67</gx:coord>
          <gx:coord>11.12256664 49.45114574 359.86</gx:coord>
          <gx:coord>11.12263574 49.45100488 359.9</gx:coord>
          <gx:coord>11.12269585 49.45085805 360</gx:coord>
          <gx:coord>11.12273772 49.45070967 359.48</gx:coord>
          <gx:coord>11.12276689 49.45056047 359.05</gx:coord>
          <gx:coord>11.12278198 49.45042373 359.48</gx:coord>
          <gx:coord>11.12278896 49.45027305 359.25</gx:coord>
          <gx:coord>11.12278397 49.45011718 359.56</gx:coord>
          <gx:coord>11.12276607 49.44998084 359.66</gx:coord>
          <gx:coord>11.12273238 49.44983482 359.5</gx:coord>
          <gx:coord>11.12269476 49.44968172 359.41</gx:coord>
          <gx:coord>11.12265943 49.44954708 359.44</gx:coord>
          <gx:coord>11.12262246 49.44939686 359.59</gx:coord>
          <gx:coord>11.12258749 49.44926059 359.64</gx:coord>
          <gx:coord>11.12255437 49.44914137 359.38</gx:coord>
          <gx:coord>11.12252081 49.44901553 359.98</gx:coord>
          <gx:coord>11.12249537 49.44891578 359.72</gx:coord>
          <gx:coord>11.12246773 49.44882601 359.76</gx:coord>
          <gx:coord>11.12242306 49.44867831 359.3</gx:coord>
          <gx:coord>11.12238304 49.44856011 358.69</gx:coord>
          <gx:coord>11.12237033 49.44846484 358.55</gx:coord>
          <gx:coord>11.12234718 49.44835237 358.75</gx:coord>
          <gx:coord>11.12232869 49.44824559 358.97</gx:coord>
          <gx:coord>11.12230842 49.44810986 359.07</gx:coord>
          <gx:coord>11.122287 49.44793991 358.48</gx:coord>
          <gx:coord>11.12227341 49.4478456 358.7</gx:coord>
          <gx:coord>11.12226511 49.44775404 358.76</gx:coord>
          <gx:coord>11.12225978 49.44764742 358.67</gx:coord>
          <gx:coord>11.12225262 49.44754093 358.57</gx:coord>
          <gx:coord>11.12224439 49.44742768 358.58</gx:coord>
          <gx:coord>11.1222366 49.44731034 358.4</gx:coord>
          <gx:coord>11.12223068 49.44718851 358.29</gx:coord>
          <gx:coord>11.12222638 49.44706054 358.54</gx:coord>
          <gx:coord>11.12222193 49.44693167 358.63</gx:coord>
          <gx:coord>11.12221647 49.44680992 358.94</gx:coord>
          <gx:coord>11.12221125 49.44667119 359.38</gx:coord>
          <gx:coord>11.1222075 49.44654098 359.66</gx:coord>
          <gx:coord>11.12220376 49.44641919 359.82</gx:coord>
          <gx:coord>11.12219922 49.44628055 359.99</gx:coord>
          <gx:coord>11.1221952 49.44615815 360.07</gx:coord>
          <gx:coord>11.12219087 49.44601922 360.17</gx:coord>
          <gx:coord>11.12218394 49.44588591 360.03</gx:coord>
          <gx:coord>11.12217616 49.44575799 359.89</gx:coord>
          <gx:coord>11.12216663 49.4456117 359.83</gx:coord>
          <gx:coord>11.1221533 49.44547415 359.7</gx:coord>
          <gx:coord>11.12213912 49.44534451 359.68</gx:coord>
          <gx:coord>11.12211763 49.44519827 359.52</gx:coord>
          <gx:coord>11.12209036 49.44506172 359.32</gx:coord>
          <gx:coord>11.12206008 49.44493545 359.36</gx:coord>
          <gx:coord>11.12201918 49.44479423 359.2</gx:coord>
          <gx:coord>11.12198052 49.44467154 359.22</gx:coord>
          <gx:coord>11.12193435 49.44453546 359.22</gx:coord>
          <gx:coord>11.12188992 49.44440803 358.91</gx:coord>
          <gx:coord>11.12184493 49.44428648 358.6</gx:coord>
          <gx:coord>11.12180004 49.44416451 358.41</gx:coord>
          <gx:coord>11.12175657 49.4440419 358.45</gx:coord>
          <gx:coord>11.12171279 49.4439218 358.35</gx:coord>
          <gx:coord>11.12166693 49.44379367 358.15</gx:coord>
          <gx:coord>11.1216298 49.44368508 358.09</gx:coord>
          <gx:coord>11.12158927 49.44357646 357.95</gx:coord>
          <gx:coord>11.12155545 49.44348379 357.93</gx:coord>
          <gx:coord>11.12149971 49.44332739 357.97</gx:coord>
          <gx:coord>11.12145019 49.44319827 357.92</gx:coord>
          <gx:coord>11.12139986 49.44306755 358.2</gx:coord>
          <gx:coord>11.1213353 49.44290994 358.42</gx:coord>
          <gx:coord>11.12125697 49.44273516 358.68</gx:coord>
          <gx:coord>11.1212171 49.4426468 358.8</gx:coord>
          <gx:coord>11.121167 49.44253687 358.81</gx:coord>
          <gx:coord>11.12111008 49.44241823 358.81</gx:coord>
          <gx:coord>11.12105829 49.44231367 358.78</gx:coord>
          <gx:coord>11.12099816 49.44219674 358.82</gx:coord>
          <gx:coord>11.12093462 49.4420739 359.01</gx:coord>
          <gx:coord>11.12086885 49.44195153 359.21</gx:coord>
          <gx:coord>11.12079785 49.44182709 359.34</gx:coord>
          <gx:coord>11.12071917 49.44169306 359.7</gx:coord>
          <gx:coord>11.12064686 49.44157988 359.71</gx:coord>
          <gx:coord>11.120564 49.44144821 359.76</gx:coord>
          <gx:coord>11.12048843 49.44132909 360.03</gx:coord>
          <gx:coord>11.12040556 49.44120666 360.1</gx:coord>
          <gx:coord>11.12031654 49.44107967 360.39</gx:coord>
          <gx:coord>11.12023622 49.44096792 360.5</gx:coord>
          <gx:coord>11.12014129 49.44084408 360.47</gx:coord>
          <gx:coord>11.12005497 49.44073397 360.46</gx:coord>
          <gx:coord>11.11996109 49.44061528 360.57</gx:coord>
          <gx:coord>11.1198621 49.44049845 360.78</gx:coord>
          <gx:coord>11.11977576 49.44039513 360.94</gx:coord>
          <gx:coord>11.11967537 49.44027663 361.02</gx:coord>
          <gx:coord>11.11957632 49.4401676 361.34</gx:coord>
          <gx:coord>11.11948964 49.44006378 361.32</gx:coord>
          <gx:coord>11.1193925 49.43994722 361.25</gx:coord>
          <gx:coord>11.11929976 49.43983937 361.23</gx:coord>
          <gx:coord>11.11921531 49.43973895 361.36</gx:coord>
          <gx:coord>11.11911991 49.43962779 361.35</gx:coord>
          <gx:coord>11.11904023 49.43953211 361.44</gx:coord>
          <gx:coord>11.11894871 49.43942539 361.25</gx:coord>
          <gx:coord>11.11886262 49.43933004 361.39</gx:coord>
          <gx:coord>11.11878078 49.43924056 361.34</gx:coord>
          <gx:coord>11.11868695 49.43914331 361.22</gx:coord>
          <gx:coord>11.11860442 49.43905934 361.21</gx:coord>
          <gx:coord>11.11851216 49.43896813 361.04</gx:coord>
          <gx:coord>11.11836741 49.43880997 362.18</gx:coord>
          <gx:coord>11.11829365 49.43873303 362.07</gx:coord>
          <gx:coord>11.11817157 49.43859471 361.73</gx:coord>
          <gx:coord>11.11806286 49.43846936 360.91</gx:coord>
          <gx:coord>11.11796321 49.43836195 360.91</gx:coord>
          <gx:coord>11.11789091 49.43826774 361.28</gx:coord>
          <gx:coord>11.11780451 49.43816079 361.23</gx:coord>
          <gx:coord>11.11770524 49.43804705 361.77</gx:coord>
          <gx:coord>11.11760552 49.43790725 361.51</gx:coord>
          <gx:coord>11.11751497 49.43772898 360.56</gx:coord>
          <gx:coord>11.11745874 49.43763101 359.78</gx:coord>
          <gx:coord>11.11741463 49.43752342 359.66</gx:coord>
          <gx:coord>11.11737284 49.43741546 358.26</gx:coord>
          <gx:coord>11.11733306 49.4373001 356.78</gx:coord>
          <gx:coord>11.11728625 49.43718847 356.38</gx:coord>
          <gx:coord>11.11723044 49.43707841 356.18</gx:coord>
          <gx:coord>11.11700004 49.43663008 355.72</gx:coord>
          <gx:coord>11.11694076 49.43650383 355.44</gx:coord>
          <gx:coord>11.11689781 49.43639691 355.72</gx:coord>
          <gx:coord>11.11683835 49.43629216 356.92</gx:coord>
          <gx:coord>11.11676891 49.43618622 356.58</gx:coord>
          <gx:coord>11.11668467 49.4361001 356.93</gx:coord>
          <gx:coord>11.11660163 49.43601624 357.51</gx:coord>
          <gx:coord>11.11651991 49.43593124 357.43</gx:coord>
          <gx:coord>11.11643474 49.43584829 358.12</gx:coord>
          <gx:coord>11.11634754 49.43577579 358.31</gx:coord>
          <gx:coord>11.11624476 49.43570895 358.78</gx:coord>
          <gx:coord>11.11612633 49.4356406 358.28</gx:coord>
          <gx:coord>11.11601558 49.43557672 359.11</gx:coord>
          <gx:coord>11.11588756 49.43551426 359.38</gx:coord>
          <gx:coord>11.11574817 49.43546175 359.91</gx:coord>
          <gx:coord>11.11560392 49.43540839 359.83</gx:coord>
          <gx:coord>11.1154599 49.43535524 359.52</gx:coord>
          <gx:coord>11.1152993 49.4353096 360.07</gx:coord>
          <gx:coord>11.11513345 49.43526826 359.81</gx:coord>
          <gx:coord>11.11497013 49.43522459 359.78</gx:coord>
          <gx:coord>11.11480646 49.43517904 359.7</gx:coord>
          <gx:coord>11.11464327 49.4351426 359.86</gx:coord>
          <gx:coord>11.11448039 49.43510548 360.09</gx:coord>
          <gx:coord>11.11431955 49.43506573 360.4</gx:coord>
          <gx:coord>11.11415919 49.43503193 360.34</gx:coord>
          <gx:coord>11.11400897 49.43499408 360.81</gx:coord>
          <gx:coord>11.11385465 49.43495925 360.93</gx:coord>
          <gx:coord>11.11369678 49.43492278 361.12</gx:coord>
          <gx:coord>11.11354666 49.43488474 361.3</gx:coord>
          <gx:coord>11.11340019 49.43484642 361.07</gx:coord>
          <gx:coord>11.11325221 49.43480594 361.2</gx:coord>
          <gx:coord>11.11310458 49.43476161 361.5</gx:coord>
          <gx:coord>11.11295029 49.43472165 361.43</gx:coord>
          <gx:coord>11.11278749 49.43467626 361.38</gx:coord>
          <gx:coord>11.11262802 49.43463568 361.21</gx:coord>
          <gx:coord>11.11247497 49.43459359 361.42</gx:coord>
          <gx:coord>11.11232495 49.4345498 361.56</gx:coord>
          <gx:coord>11.11217133 49.43451112 361.76</gx:coord>
          <gx:coord>11.11202621 49.4344678 361.42</gx:coord>
          <gx:coord>11.11187401 49.43442473 361.19</gx:coord>
          <gx:coord>11.11172278 49.43438063 361.24</gx:coord>
          <gx:coord>11.1115806 49.43433378 360.91</gx:coord>
          <gx:coord>11.11143093 49.43428996 361.06</gx:coord>
          <gx:coord>11.11127947 49.43424178 361.06</gx:coord>
          <gx:coord>11.11112551 49.43419216 361.06</gx:coord>
          <gx:coord>11.11097244 49.43414303 360.57</gx:coord>
          <gx:coord>11.11082296 49.4340915 360.47</gx:coord>
          <gx:coord>11.11067425 49.43403866 360.75</gx:coord>
          <gx:coord>11.11051965 49.43398794 360.83</gx:coord>
          <gx:coord>11.11036807 49.43394642 359.22</gx:coord>
          <gx:coord>11.11022351 49.43390708 358.04</gx:coord>
          <gx:coord>11.11007059 49.43385567 357.77</gx:coord>
          <gx:coord>11.10993497 49.43380815 357.87</gx:coord>
          <gx:coord>11.10979687 49.43377042 356.29</gx:coord>
          <gx:coord>11.10965473 49.43371658 356.65</gx:coord>
          <gx:coord>11.10951351 49.4336607 355.97</gx:coord>
          <gx:coord>11.10938101 49.43360488 356.33</gx:coord>
          <gx:coord>11.10922971 49.43354878 355.82</gx:coord>
          <gx:coord>11.10908562 49.43350714 354.39</gx:coord>
          <gx:coord>11.10894389 49.43345013 354.77</gx:coord>
          <gx:coord>11.10879614 49.43340069 355.75</gx:coord>
          <gx:coord>11.10864305 49.43334379 356.47</gx:coord>
          <gx:coord>11.10850581 49.43329574 356.39</gx:coord>
          <gx:coord>11.10837892 49.43325051 356.31</gx:coord>
          <gx:coord>11.10823135 49.4332003 355.77</gx:coord>
          <gx:coord>11.10809746 49.43314196 356.83</gx:coord>
          <gx:coord>11.10795416 49.43308738 357.19</gx:coord>
          <gx:coord>11.10779896 49.43303212 357.32</gx:coord>
          <gx:coord>11.10765076 49.43297946 357.43</gx:coord>
          <gx:coord>11.10750914 49.43292278 358.35</gx:coord>
          <gx:coord>11.10736331 49.43287287 358.65</gx:coord>
          <gx:coord>11.10721091 49.43282193 358.99</gx:coord>
          <gx:coord>11.10706906 49.43277077 358.69</gx:coord>
          <gx:coord>11.10692001 49.43272136 358.95</gx:coord>
          <gx:coord>11.10676534 49.43266906 358.24</gx:coord>
          <gx:coord>11.10662245 49.43261881 358.56</gx:coord>
          <gx:coord>11.10648326 49.4325679 358.58</gx:coord>
          <gx:coord>11.10634305 49.4325147 358.62</gx:coord>
          <gx:coord>11.10619886 49.43246851 358.02</gx:coord>
          <gx:coord>11.10606522 49.43241681 358.83</gx:coord>
          <gx:coord>11.10591765 49.43235889 361.26</gx:coord>
          <gx:coord>11.10578249 49.43231121 361.22</gx:coord>
          <gx:coord>11.10563607 49.43225536 361.82</gx:coord>
          <gx:coord>11.10549461 49.43220913 361.37</gx:coord>
          <gx:coord>11.1053561 49.43215419 362.18</gx:coord>
          <gx:coord>11.10522234 49.43210497 362.76</gx:coord>
          <gx:coord>11.10509699 49.4320468 364.66</gx:coord>
          <gx:coord>11.1049504 49.43199393 364.56</gx:coord>
          <gx:coord>11.10482311 49.43194582 364.41</gx:coord>
          <gx:coord>11.10461102 49.43186701 364.57</gx:coord>
          <gx:coord>11.10443846 49.43180417 364.37</gx:coord>
          <gx:coord>11.10429619 49.43175631 363.66</gx:coord>
          <gx:coord>11.10415938 49.43170871 364.38</gx:coord>
          <gx:coord>11.10400694 49.43166626 365.16</gx:coord>
          <ExtendedData>
            <SchemaData schemaUrl="#geotrackerTrackSchema">
              <gx:SimpleArrayData name="speed">
                <gx:value>0.88</gx:value>
                <gx:value>0.86</gx:value>
                <gx:value>0.89</gx:value>
                <gx:value>1.16</gx:value>
                <gx:value>0.73</gx:value>
                <gx:value>3.27</gx:value>
                <gx:value>1.1</gx:value>
                <gx:value>1.12</gx:value>
                <gx:value>1.03</gx:value>
                <gx:value>1.1</gx:value>
                <gx:value>1.01</gx:value>
                <gx:value>1.22</gx:value>
                <gx:value>0.37</gx:value>
                <gx:value>0.95</gx:value>
                <gx:value>1.22</gx:value>
                <gx:value>1.12</gx:value>
                <gx:value>1.25</gx:value>
                <gx:value>1.06</gx:value>
                <gx:value>1.09</gx:value>
                <gx:value>1.14</gx:value>
                <gx:value>1.18</gx:value>
                <gx:value>1.12</gx:value>
                <gx:value>0.52</gx:value>
                <gx:value>0.85</gx:value>
                <gx:value>0.92</gx:value>
                <gx:value>1.01</gx:value>
                <gx:value>1.02</gx:value>
                <gx:value>1.23</gx:value>
                <gx:value>1.05</gx:value>
                <gx:value>1.05</gx:value>
                <gx:value>1.09</gx:value>
                <gx:value>1.03</gx:value>
                <gx:value>1.05</gx:value>
                <gx:value>1.04</gx:value>
                <gx:value>1.05</gx:value>
                <gx:value>1.08</gx:value>
                <gx:value>1.09</gx:value>
                <gx:value>1.16</gx:value>
                <gx:value>1.13</gx:value>
                <gx:value>1.1</gx:value>
                <gx:value>1.12</gx:value>
                <gx:value>1.16</gx:value>
                <gx:value>1.13</gx:value>
                <gx:value>1.15</gx:value>
                <gx:value>1.15</gx:value>
                <gx:value>1.26</gx:value>
                <gx:value>1.2</gx:value>
                <gx:value>0.86</gx:value>
                <gx:value>1.13</gx:value>
                <gx:value>1.16</gx:value>
                <gx:value>0.83</gx:value>
                <gx:value>0.75</gx:value>
                <gx:value>1.13</gx:value>
                <gx:value>1.36</gx:value>
                <gx:value>1.07</gx:value>
                <gx:value>4.25</gx:value>
                <gx:value>1.25</gx:value>
                <gx:value>1.08</gx:value>
                <gx:value>1.18</gx:value>
                <gx:value>1.12</gx:value>
                <gx:value>0.97</gx:value>
                <gx:value>1</gx:value>
                <gx:value>1.01</gx:value>
                <gx:value>1.09</gx:value>
                <gx:value>1.05</gx:value>
                <gx:value>1.08</gx:value>
                <gx:value>1.03</gx:value>
                <gx:value>1.05</gx:value>
                <gx:value>1.09</gx:value>
                <gx:value>1.05</gx:value>
                <gx:value>1.2</gx:value>
                <gx:value>1.15</gx:value>
                <gx:value>1.03</gx:value>
                <gx:value>0.97</gx:value>
                <gx:value>0.94</gx:value>
                <gx:value>0.99</gx:value>
                <gx:value>0.96</gx:value>
                <gx:value>1.06</gx:value>
                <gx:value>1.07</gx:value>
                <gx:value>1.09</gx:value>
                <gx:value>1.01</gx:value>
                <gx:value>1.04</gx:value>
                <gx:value>0.96</gx:value>
                <gx:value>0.95</gx:value>
                <gx:value>0.76</gx:value>
                <gx:value>1.06</gx:value>
                <gx:value>1.02</gx:value>
                <gx:value>1.18</gx:value>
                <gx:value>1.05</gx:value>
                <gx:value>0.95</gx:value>
                <gx:value>0.96</gx:value>
                <gx:value>1.04</gx:value>
                <gx:value>1.11</gx:value>
                <gx:value>1.09</gx:value>
                <gx:value>1.31</gx:value>
                <gx:value>1.04</gx:value>
                <gx:value>1.3</gx:value>
                <gx:value>1.04</gx:value>
                <gx:value>1.19</gx:value>
                <gx:value>1.02</gx:value>
                <gx:value>0.56</gx:value>
                <gx:value>1.44</gx:value>
                <gx:value>0.97</gx:value>
                <gx:value>0.81</gx:value>
                <gx:value>0.89</gx:value>
                <gx:value>0.82</gx:value>
                <gx:value>0.74</gx:value>
                <gx:value>0.84</gx:value>
                <gx:value>1.04</gx:value>
                <gx:value>1.19</gx:value>
                <gx:value>1.07</gx:value>
                <gx:value>1.09</gx:value>
                <gx:value>0.99</gx:value>
                <gx:value>1.24</gx:value>
                <gx:value>1.09</gx:value>
                <gx:value>1.24</gx:value>
                <gx:value>1.18</gx:value>
                <gx:value>1.3</gx:value>
                <gx:value>1.18</gx:value>
                <gx:value>1.1</gx:value>
                <gx:value>1.35</gx:value>
                <gx:value>1.24</gx:value>
                <gx:value>1.28</gx:value>
                <gx:value>0.95</gx:value>
                <gx:value>1.09</gx:value>
                <gx:value>1.09</gx:value>
                <gx:value>1.15</gx:value>
                <gx:value>1.17</gx:value>
                <gx:value>1.21</gx:value>
                <gx:value>1.23</gx:value>
                <gx:value>1.15</gx:value>
                <gx:value>1.04</gx:value>
                <gx:value>0.96</gx:value>
                <gx:value>1.1</gx:value>
                <gx:value>0.9</gx:value>
                <gx:value>0.85</gx:value>
                <gx:value>1.29</gx:value>
                <gx:value>1.11</gx:value>
                <gx:value>1.16</gx:value>
                <gx:value>1.24</gx:value>
                <gx:value>1.2</gx:value>
                <gx:value>0.91</gx:value>
                <gx:value>0.84</gx:value>
                <gx:value>1.26</gx:value>
                <gx:value>0.93</gx:value>
                <gx:value>1.08</gx:value>
                <gx:value>1.1</gx:value>
                <gx:value>1.16</gx:value>
                <gx:value>1.22</gx:value>
                <gx:value>1.19</gx:value>
                <gx:value>1.15</gx:value>
                <gx:value>1.11</gx:value>
                <gx:value>1.26</gx:value>
                <gx:value>1.13</gx:value>
                <gx:value>1.07</gx:value>
                <gx:value>1</gx:value>
                <gx:value>1.31</gx:value>
                <gx:value>0.97</gx:value>
                <gx:value>0.99</gx:value>
                <gx:value>1.1</gx:value>
                <gx:value>1.03</gx:value>
                <gx:value>1.32</gx:value>
                <gx:value>0.88</gx:value>
                <gx:value>1.13</gx:value>
                <gx:value>1.06</gx:value>
                <gx:value>0.98</gx:value>
                <gx:value>1.02</gx:value>
                <gx:value>1.07</gx:value>
                <gx:value>1.01</gx:value>
                <gx:value>1.06</gx:value>
                <gx:value>1.14</gx:value>
                <gx:value>0.91</gx:value>
                <gx:value>1.01</gx:value>
                <gx:value>1.06</gx:value>
                <gx:value>1.11</gx:value>
                <gx:value>1.07</gx:value>
                <gx:value>0.89</gx:value>
                <gx:value>1.01</gx:value>
                <gx:value>1.01</gx:value>
                <gx:value>0.97</gx:value>
                <gx:value>1.03</gx:value>
                <gx:value>0.99</gx:value>
                <gx:value>0.89</gx:value>
                <gx:value>0.77</gx:value>
                <gx:value>1.35</gx:value>
                <gx:value>0.66</gx:value>
                <gx:value>0.9</gx:value>
                <gx:value>1.11</gx:value>
                <gx:value>0.47</gx:value>
                <gx:value>1.09</gx:value>
                <gx:value>0.88</gx:value>
                <gx:value>0.95</gx:value>
                <gx:value>0.74</gx:value>
                <gx:value>0.89</gx:value>
                <gx:value>2.15</gx:value>
                <gx:value>0.94</gx:value>
                <gx:value>0.89</gx:value>
                <gx:value>1.22</gx:value>
                <gx:value>1.08</gx:value>
                <gx:value>0</gx:value>
                <gx:value>0</gx:value>
                <gx:value>0</gx:value>
                <gx:value>0</gx:value>
                <gx:value>0</gx:value>
                <gx:value>1.06</gx:value>
                <gx:value>0.99</gx:value>
                <gx:value>0.83</gx:value>
                <gx:value>0.57</gx:value>
                <gx:value>1.16</gx:value>
                <gx:value>0</gx:value>
                <gx:value>0</gx:value>
                <gx:value>0</gx:value>
                <gx:value>0</gx:value>
                <gx:value>0</gx:value>
                <gx:value>0.5</gx:value>
                <gx:value>0.26</gx:value>
                <gx:value>0.77</gx:value>
                <gx:value>0.89</gx:value>
                <gx:value>1.02</gx:value>
                <gx:value>1.12</gx:value>
                <gx:value>0.98</gx:value>
                <gx:value>1.08</gx:value>
                <gx:value>1.36</gx:value>
                <gx:value>1.06</gx:value>
                <gx:value>1.21</gx:value>
                <gx:value>1.22</gx:value>
                <gx:value>0.95</gx:value>
                <gx:value>1.16</gx:value>
                <gx:value>0.95</gx:value>
                <gx:value>0.6</gx:value>
                <gx:value>1.1</gx:value>
                <gx:value>1.29</gx:value>
                <gx:value>0.97</gx:value>
                <gx:value>0.82</gx:value>
                <gx:value>3.58</gx:value>
                <gx:value>1.48</gx:value>
                <gx:value>1.06</gx:value>
                <gx:value>1.04</gx:value>
                <gx:value>1.15</gx:value>
                <gx:value>1.23</gx:value>
                <gx:value>1.1</gx:value>
                <gx:value>1.25</gx:value>
                <gx:value>1.26</gx:value>
                <gx:value>1.22</gx:value>
                <gx:value>1.12</gx:value>
                <gx:value>1.59</gx:value>
                <gx:value>1.16</gx:value>
                <gx:value>1.18</gx:value>
                <gx:value>1.17</gx:value>
                <gx:value>1.25</gx:value>
                <gx:value>0.97</gx:value>
                <gx:value>1.28</gx:value>
                <gx:value>1.15</gx:value>
                <gx:value>1.29</gx:value>
                <gx:value>1.12</gx:value>
                <gx:value>1.16</gx:value>
                <gx:value>1.43</gx:value>
                <gx:value>0.91</gx:value>
                <gx:value>0.27</gx:value>
                <gx:value>1.01</gx:value>
                <gx:value>1.15</gx:value>
                <gx:value>1.09</gx:value>
                <gx:value>1.24</gx:value>
                <gx:value>1.16</gx:value>
                <gx:value>1.5</gx:value>
                <gx:value>1.1</gx:value>
                <gx:value>1.17</gx:value>
                <gx:value>1.13</gx:value>
                <gx:value>1.12</gx:value>
                <gx:value>1.15</gx:value>
                <gx:value>1.22</gx:value>
                <gx:value>1.3</gx:value>
                <gx:value>1.24</gx:value>
                <gx:value>1.36</gx:value>
                <gx:value>1.14</gx:value>
                <gx:value>1.03</gx:value>
                <gx:value>1.26</gx:value>
                <gx:value>1.34</gx:value>
                <gx:value>1.26</gx:value>
                <gx:value>1.16</gx:value>
                <gx:value>1.03</gx:value>
                <gx:value>1.12</gx:value>
                <gx:value>1.23</gx:value>
                <gx:value>1.23</gx:value>
                <gx:value>1.03</gx:value>
                <gx:value>0</gx:value>
                <gx:value>0.99</gx:value>
                <gx:value>0.61</gx:value>
                <gx:value>0.92</gx:value>
                <gx:value>1.14</gx:value>
                <gx:value>1.03</gx:value>
                <gx:value>1.14</gx:value>
                <gx:value>1.17</gx:value>
                <gx:value>1.33</gx:value>
                <gx:value>1.17</gx:value>
                <gx:value>1.43</gx:value>
                <gx:value>1.43</gx:value>
                <gx:value>1.16</gx:value>
                <gx:value>1.17</gx:value>
                <gx:value>1.15</gx:value>
                <gx:value>1.22</gx:value>
                <gx:value>1.29</gx:value>
                <gx:value>1.22</gx:value>
                <gx:value>1.29</gx:value>
                <gx:value>1.07</gx:value>
                <gx:value>1.37</gx:value>
                <gx:value>1.19</gx:value>
                <gx:value>1.26</gx:value>
                <gx:value>1.34</gx:value>
                <gx:value>1.12</gx:value>
                <gx:value>0.97</gx:value>
                <gx:value>1.14</gx:value>
                <gx:value>1.1</gx:value>
                <gx:value>1.12</gx:value>
                <gx:value>1</gx:value>
                <gx:value>1.19</gx:value>
                <gx:value>1.14</gx:value>
                <gx:value>1.14</gx:value>
                <gx:value>1.13</gx:value>
                <gx:value>1.19</gx:value>
                <gx:value>1.16</gx:value>
                <gx:value>1.22</gx:value>
                <gx:value>1.09</gx:value>
                <gx:value>1.11</gx:value>
                <gx:value>1.35</gx:value>
                <gx:value>1.06</gx:value>
                <gx:value>1.13</gx:value>
                <gx:value>1.05</gx:value>
                <gx:value>1.04</gx:value>
                <gx:value>1.13</gx:value>
                <gx:value>1.11</gx:value>
                <gx:value>1.06</gx:value>
                <gx:value>1.08</gx:value>
                <gx:value>0.65</gx:value>
                <gx:value>1.3</gx:value>
                <gx:value>0.79</gx:value>
                <gx:value>0.63</gx:value>
                <gx:value>1.23</gx:value>
                <gx:value>1.24</gx:value>
                <gx:value>0.94</gx:value>
                <gx:value>0.89</gx:value>
                <gx:value>0.67</gx:value>
                <gx:value>0.98</gx:value>
                <gx:value>1.06</gx:value>
                <gx:value>0.97</gx:value>
                <gx:value>1.22</gx:value>
                <gx:value>1.16</gx:value>
                <gx:value>1.19</gx:value>
                <gx:value>1.14</gx:value>
                <gx:value>1.2</gx:value>
                <gx:value>1.16</gx:value>
                <gx:value>1.17</gx:value>
                <gx:value>1.18</gx:value>
                <gx:value>1.18</gx:value>
                <gx:value>1.18</gx:value>
                <gx:value>1.17</gx:value>
                <gx:value>1.16</gx:value>
                <gx:value>1.24</gx:value>
                <gx:value>1.04</gx:value>
                <gx:value>1.06</gx:value>
                <gx:value>1.15</gx:value>
                <gx:value>1.04</gx:value>
                <gx:value>1.09</gx:value>
                <gx:value>1.39</gx:value>
                <gx:value>1.53</gx:value>
                <gx:value>1.52</gx:value>
                <gx:value>1.42</gx:value>
                <gx:value>1.4</gx:value>
                <gx:value>1.45</gx:value>
                <gx:value>1.35</gx:value>
                <gx:value>1.31</gx:value>
                <gx:value>1.6</gx:value>
                <gx:value>1.2</gx:value>
                <gx:value>1.27</gx:value>
                <gx:value>1.5</gx:value>
                <gx:value>1.27</gx:value>
                <gx:value>1.12</gx:value>
                <gx:value>1.19</gx:value>
                <gx:value>1.37</gx:value>
                <gx:value>1.22</gx:value>
                <gx:value>1.21</gx:value>
                <gx:value>1.18</gx:value>
                <gx:value>1.24</gx:value>
                <gx:value>1.22</gx:value>
                <gx:value>1.18</gx:value>
                <gx:value>1.22</gx:value>
                <gx:value>1.21</gx:value>
                <gx:value>1.32</gx:value>
                <gx:value>1.22</gx:value>
                <gx:value>1.32</gx:value>
                <gx:value>1.26</gx:value>
                <gx:value>1.25</gx:value>
                <gx:value>1.17</gx:value>
                <gx:value>1.18</gx:value>
                <gx:value>1.21</gx:value>
                <gx:value>1.21</gx:value>
                <gx:value>1.22</gx:value>
                <gx:value>1.23</gx:value>
                <gx:value>1.22</gx:value>
                <gx:value>1.22</gx:value>
                <gx:value>1.18</gx:value>
                <gx:value>1.2</gx:value>
                <gx:value>1.18</gx:value>
                <gx:value>1.18</gx:value>
                <gx:value>1.23</gx:value>
                <gx:value>1.31</gx:value>
                <gx:value>1.22</gx:value>
                <gx:value>1.21</gx:value>
                <gx:value>1.2</gx:value>
                <gx:value>1.24</gx:value>
                <gx:value>1.25</gx:value>
                <gx:value>1.31</gx:value>
                <gx:value>1.31</gx:value>
                <gx:value>1.19</gx:value>
                <gx:value>3.8</gx:value>
                <gx:value>1.01</gx:value>
                <gx:value>0.57</gx:value>
                <gx:value>1.1</gx:value>
                <gx:value>1.12</gx:value>
                <gx:value>1.12</gx:value>
                <gx:value>1.04</gx:value>
                <gx:value>1.13</gx:value>
                <gx:value>1.14</gx:value>
                <gx:value>1.19</gx:value>
                <gx:value>1.17</gx:value>
                <gx:value>1.18</gx:value>
                <gx:value>1.12</gx:value>
                <gx:value>1.24</gx:value>
                <gx:value>1.17</gx:value>
                <gx:value>1.17</gx:value>
                <gx:value>0.4</gx:value>
                <gx:value>1.16</gx:value>
                <gx:value>1.25</gx:value>
                <gx:value>1.18</gx:value>
                <gx:value>1.17</gx:value>
                <gx:value>1.19</gx:value>
                <gx:value>1.3</gx:value>
                <gx:value>1.14</gx:value>
                <gx:value>1.08</gx:value>
                <gx:value>1.1</gx:value>
                <gx:value>1.13</gx:value>
                <gx:value>1.12</gx:value>
                <gx:value>1.13</gx:value>
                <gx:value>1.14</gx:value>
                <gx:value>1.18</gx:value>
                <gx:value>1.07</gx:value>
                <gx:value>1.11</gx:value>
                <gx:value>1.11</gx:value>
                <gx:value>1.19</gx:value>
                <gx:value>1.18</gx:value>
                <gx:value>1.16</gx:value>
                <gx:value>1.2</gx:value>
                <gx:value>1.01</gx:value>
                <gx:value>1.21</gx:value>
                <gx:value>1.16</gx:value>
                <gx:value>1.19</gx:value>
                <gx:value>1.16</gx:value>
                <gx:value>1.15</gx:value>
                <gx:value>1.13</gx:value>
                <gx:value>1.09</gx:value>
                <gx:value>1.04</gx:value>
                <gx:value>1.03</gx:value>
                <gx:value>0.95</gx:value>
                <gx:value>0.99</gx:value>
                <gx:value>0.89</gx:value>
                <gx:value>0</gx:value>
                <gx:value>1.15</gx:value>
                <gx:value>1.11</gx:value>
                <gx:value>1.08</gx:value>
                <gx:value>1.12</gx:value>
                <gx:value>1.12</gx:value>
                <gx:value>1.08</gx:value>
                <gx:value>1.14</gx:value>
                <gx:value>1.13</gx:value>
                <gx:value>1.15</gx:value>
                <gx:value>1.1</gx:value>
                <gx:value>1.12</gx:value>
                <gx:value>1.1</gx:value>
                <gx:value>1.14</gx:value>
                <gx:value>1.2</gx:value>
                <gx:value>1.22</gx:value>
                <gx:value>1.14</gx:value>
                <gx:value>0.95</gx:value>
                <gx:value>1.34</gx:value>
                <gx:value>1.01</gx:value>
                <gx:value>0.8</gx:value>
                <gx:value>0.94</gx:value>
                <gx:value>1.03</gx:value>
                <gx:value>1.08</gx:value>
                <gx:value>1.22</gx:value>
                <gx:value>1.16</gx:value>
                <gx:value>1.14</gx:value>
                <gx:value>1.31</gx:value>
                <gx:value>1.04</gx:value>
                <gx:value>1</gx:value>
                <gx:value>1.05</gx:value>
                <gx:value>1.06</gx:value>
                <gx:value>1.06</gx:value>
                <gx:value>1.23</gx:value>
                <gx:value>1.07</gx:value>
                <gx:value>1.1</gx:value>
                <gx:value>1.04</gx:value>
                <gx:value>1</gx:value>
                <gx:value>1.08</gx:value>
                <gx:value>0.96</gx:value>
                <gx:value>1.16</gx:value>
                <gx:value>1.19</gx:value>
                <gx:value>1.2</gx:value>
                <gx:value>1.13</gx:value>
                <gx:value>1.15</gx:value>
                <gx:value>1.12</gx:value>
                <gx:value>1.39</gx:value>
                <gx:value>1.32</gx:value>
                <gx:value>1.29</gx:value>
                <gx:value>1.09</gx:value>
                <gx:value>1.12</gx:value>
                <gx:value>1.46</gx:value>
                <gx:value>1.72</gx:value>
                <gx:value>5.04</gx:value>
                <gx:value>6.3</gx:value>
                <gx:value>6.96</gx:value>
                <gx:value>6.33</gx:value>
                <gx:value>6.5</gx:value>
                <gx:value>6.03</gx:value>
                <gx:value>4.89</gx:value>
                <gx:value>3.37</gx:value>
                <gx:value>4.29</gx:value>
                <gx:value>4.19</gx:value>
                <gx:value>5.86</gx:value>
                <gx:value>7.88</gx:value>
                <gx:value>8</gx:value>
                <gx:value>7.25</gx:value>
                <gx:value>4.3</gx:value>
                <gx:value>4.28</gx:value>
                <gx:value>6.48</gx:value>
                <gx:value>8.84</gx:value>
                <gx:value>9.73</gx:value>
                <gx:value>9.14</gx:value>
                <gx:value>8.38</gx:value>
                <gx:value>8.67</gx:value>
                <gx:value>9.67</gx:value>
                <gx:value>9.83</gx:value>
                <gx:value>8.38</gx:value>
                <gx:value>5.63</gx:value>
                <gx:value>6.38</gx:value>
                <gx:value>7.41</gx:value>
                <gx:value>8.74</gx:value>
                <gx:value>10.4</gx:value>
                <gx:value>11.16</gx:value>
                <gx:value>11.36</gx:value>
                <gx:value>11.98</gx:value>
                <gx:value>12.04</gx:value>
                <gx:value>12.72</gx:value>
                <gx:value>12.89</gx:value>
                <gx:value>12.94</gx:value>
                <gx:value>13.02</gx:value>
                <gx:value>12.8</gx:value>
                <gx:value>12.6</gx:value>
                <gx:value>12.53</gx:value>
                <gx:value>12.09</gx:value>
                <gx:value>12.06</gx:value>
                <gx:value>12.01</gx:value>
                <gx:value>12.9</gx:value>
                <gx:value>12.76</gx:value>
                <gx:value>12.69</gx:value>
                <gx:value>12.33</gx:value>
                <gx:value>12.05</gx:value>
                <gx:value>12.04</gx:value>
                <gx:value>11.87</gx:value>
                <gx:value>11.56</gx:value>
                <gx:value>11.16</gx:value>
                <gx:value>10.36</gx:value>
                <gx:value>7.64</gx:value>
                <gx:value>2.42</gx:value>
                <gx:value>4.53</gx:value>
                <gx:value>4.97</gx:value>
                <gx:value>5.42</gx:value>
                <gx:value>6.68</gx:value>
                <gx:value>8.56</gx:value>
                <gx:value>9.67</gx:value>
                <gx:value>10.75</gx:value>
                <gx:value>11.3</gx:value>
                <gx:value>11.49</gx:value>
                <gx:value>11.73</gx:value>
                <gx:value>11.91</gx:value>
                <gx:value>11.88</gx:value>
                <gx:value>11.25</gx:value>
                <gx:value>10.93</gx:value>
                <gx:value>10.8</gx:value>
                <gx:value>10.51</gx:value>
                <gx:value>10.27</gx:value>
                <gx:value>9.15</gx:value>
                <gx:value>5.26</gx:value>
                <gx:value>2.73</gx:value>
                <gx:value>1.87</gx:value>
                <gx:value>4.76</gx:value>
                <gx:value>7.34</gx:value>
                <gx:value>9.76</gx:value>
                <gx:value>10.33</gx:value>
                <gx:value>11.11</gx:value>
                <gx:value>11.81</gx:value>
                <gx:value>12.27</gx:value>
                <gx:value>12.56</gx:value>
                <gx:value>12.84</gx:value>
                <gx:value>12.97</gx:value>
                <gx:value>13.07</gx:value>
                <gx:value>13.07</gx:value>
                <gx:value>13.04</gx:value>
                <gx:value>12.92</gx:value>
                <gx:value>12.82</gx:value>
                <gx:value>12.75</gx:value>
                <gx:value>13.06</gx:value>
                <gx:value>13.15</gx:value>
                <gx:value>13.06</gx:value>
                <gx:value>13.04</gx:value>
                <gx:value>12.9</gx:value>
                <gx:value>12.89</gx:value>
                <gx:value>12.85</gx:value>
                <gx:value>12.76</gx:value>
                <gx:value>12.68</gx:value>
                <gx:value>12.66</gx:value>
                <gx:value>12.56</gx:value>
                <gx:value>12.66</gx:value>
                <gx:value>12.6</gx:value>
                <gx:value>12.7</gx:value>
                <gx:value>12.9</gx:value>
                <gx:value>12.79</gx:value>
                <gx:value>12.36</gx:value>
                <gx:value>11.78</gx:value>
                <gx:value>11.24</gx:value>
                <gx:value>10.68</gx:value>
                <gx:value>10.14</gx:value>
                <gx:value>9.11</gx:value>
                <gx:value>9.76</gx:value>
                <gx:value>9.15</gx:value>
                <gx:value>5.76</gx:value>
                <gx:value>0.85</gx:value>
                <gx:value>4.48</gx:value>
                <gx:value>2.76</gx:value>
                <gx:value>4.4</gx:value>
                <gx:value>3</gx:value>
                <gx:value>4.48</gx:value>
                <gx:value>5.46</gx:value>
                <gx:value>7.45</gx:value>
                <gx:value>8.82</gx:value>
                <gx:value>10</gx:value>
                <gx:value>10.95</gx:value>
                <gx:value>11.57</gx:value>
                <gx:value>11.85</gx:value>
                <gx:value>11.9</gx:value>
                <gx:value>12.39</gx:value>
                <gx:value>10.55</gx:value>
                <gx:value>10.73</gx:value>
                <gx:value>10.4</gx:value>
                <gx:value>10.32</gx:value>
                <gx:value>10.45</gx:value>
                <gx:value>10.33</gx:value>
                <gx:value>10.41</gx:value>
                <gx:value>10.68</gx:value>
                <gx:value>10.79</gx:value>
                <gx:value>10.78</gx:value>
                <gx:value>11.18</gx:value>
                <gx:value>11.77</gx:value>
                <gx:value>12.04</gx:value>
                <gx:value>11.87</gx:value>
                <gx:value>11.83</gx:value>
                <gx:value>11.58</gx:value>
                <gx:value>11.21</gx:value>
                <gx:value>10.79</gx:value>
                <gx:value>10.06</gx:value>
                <gx:value>6.72</gx:value>
                <gx:value>6.11</gx:value>
                <gx:value>7.78</gx:value>
                <gx:value>8.54</gx:value>
                <gx:value>7.26</gx:value>
                <gx:value>3.16</gx:value>
                <gx:value>5.66</gx:value>
                <gx:value>7.96</gx:value>
                <gx:value>8.02</gx:value>
                <gx:value>5.71</gx:value>
                <gx:value>3.43</gx:value>
                <gx:value>2.19</gx:value>
                <gx:value>6.23</gx:value>
                <gx:value>9.21</gx:value>
                <gx:value>9.66</gx:value>
                <gx:value>10.19</gx:value>
                <gx:value>11.05</gx:value>
                <gx:value>10.89</gx:value>
                <gx:value>10.27</gx:value>
                <gx:value>6.58</gx:value>
                <gx:value>4.37</gx:value>
                <gx:value>7.38</gx:value>
                <gx:value>9.7</gx:value>
                <gx:value>9.06</gx:value>
                <gx:value>6.95</gx:value>
                <gx:value>3.57</gx:value>
                <gx:value>7.16</gx:value>
                <gx:value>8.33</gx:value>
                <gx:value>8.28</gx:value>
                <gx:value>8.45</gx:value>
                <gx:value>7.89</gx:value>
                <gx:value>7.05</gx:value>
                <gx:value>6.67</gx:value>
                <gx:value>7.75</gx:value>
                <gx:value>9.36</gx:value>
                <gx:value>9.84</gx:value>
                <gx:value>9.76</gx:value>
                <gx:value>9.82</gx:value>
                <gx:value>9.77</gx:value>
                <gx:value>9.06</gx:value>
                <gx:value>8.27</gx:value>
                <gx:value>6.28</gx:value>
                <gx:value>8.55</gx:value>
                <gx:value>8.84</gx:value>
                <gx:value>10.83</gx:value>
                <gx:value>11.34</gx:value>
                <gx:value>12.55</gx:value>
                <gx:value>12.91</gx:value>
                <gx:value>12.82</gx:value>
                <gx:value>11.66</gx:value>
                <gx:value>10.39</gx:value>
                <gx:value>5.27</gx:value>
                <gx:value>6.36</gx:value>
                <gx:value>8.16</gx:value>
                <gx:value>10.36</gx:value>
                <gx:value>10.87</gx:value>
                <gx:value>11.08</gx:value>
                <gx:value>11.58</gx:value>
                <gx:value>11.98</gx:value>
                <gx:value>12.11</gx:value>
                <gx:value>12.17</gx:value>
                <gx:value>12.18</gx:value>
                <gx:value>12.1</gx:value>
                <gx:value>12.26</gx:value>
                <gx:value>12.31</gx:value>
                <gx:value>12.27</gx:value>
                <gx:value>11.87</gx:value>
                <gx:value>11.5</gx:value>
                <gx:value>11.34</gx:value>
                <gx:value>11.26</gx:value>
                <gx:value>11.27</gx:value>
                <gx:value>10.94</gx:value>
                <gx:value>10.99</gx:value>
                <gx:value>11.08</gx:value>
                <gx:value>11.15</gx:value>
                <gx:value>11.21</gx:value>
                <gx:value>10.42</gx:value>
                <gx:value>11.29</gx:value>
                <gx:value>11.37</gx:value>
                <gx:value>11.24</gx:value>
                <gx:value>11.14</gx:value>
                <gx:value>10.97</gx:value>
                <gx:value>10.65</gx:value>
                <gx:value>9.06</gx:value>
                <gx:value>7.78</gx:value>
                <gx:value>5.78</gx:value>
                <gx:value>7.48</gx:value>
                <gx:value>9.04</gx:value>
                <gx:value>10.35</gx:value>
                <gx:value>9.88</gx:value>
                <gx:value>8.94</gx:value>
                <gx:value>8.79</gx:value>
                <gx:value>9.23</gx:value>
                <gx:value>9.14</gx:value>
                <gx:value>9.43</gx:value>
                <gx:value>9.69</gx:value>
                <gx:value>10.08</gx:value>
                <gx:value>10.21</gx:value>
                <gx:value>10.31</gx:value>
                <gx:value>10.34</gx:value>
                <gx:value>10.19</gx:value>
                <gx:value>10.15</gx:value>
                <gx:value>10.19</gx:value>
                <gx:value>10.1</gx:value>
                <gx:value>9.79</gx:value>
                <gx:value>8.86</gx:value>
                <gx:value>9.22</gx:value>
                <gx:value>9.45</gx:value>
                <gx:value>9.36</gx:value>
                <gx:value>9.12</gx:value>
                <gx:value>7.31</gx:value>
                <gx:value>5.73</gx:value>
                <gx:value>6.43</gx:value>
                <gx:value>8.6</gx:value>
                <gx:value>9.54</gx:value>
                <gx:value>9.89</gx:value>
                <gx:value>9.74</gx:value>
                <gx:value>7.84</gx:value>
                <gx:value>5.61</gx:value>
                <gx:value>6.66</gx:value>
                <gx:value>8.57</gx:value>
                <gx:value>8.7</gx:value>
                <gx:value>8.77</gx:value>
                <gx:value>7.97</gx:value>
                <gx:value>7.39</gx:value>
                <gx:value>5.32</gx:value>
                <gx:value>3.66</gx:value>
                <gx:value>5.89</gx:value>
                <gx:value>5.88</gx:value>
                <gx:value>6.71</gx:value>
                <gx:value>9.61</gx:value>
                <gx:value>11.19</gx:value>
                <gx:value>12.08</gx:value>
                <gx:value>13.08</gx:value>
                <gx:value>14.22</gx:value>
                <gx:value>14.36</gx:value>
                <gx:value>14.74</gx:value>
                <gx:value>15.34</gx:value>
                <gx:value>15.93</gx:value>
                <gx:value>16.44</gx:value>
                <gx:value>16.57</gx:value>
                <gx:value>16.61</gx:value>
                <gx:value>16.45</gx:value>
                <gx:value>16.35</gx:value>
                <gx:value>16.43</gx:value>
                <gx:value>16.44</gx:value>
                <gx:value>16.38</gx:value>
                <gx:value>16.31</gx:value>
                <gx:value>16.28</gx:value>
                <gx:value>16.25</gx:value>
                <gx:value>16.23</gx:value>
                <gx:value>16.2</gx:value>
                <gx:value>16.19</gx:value>
                <gx:value>15.76</gx:value>
                <gx:value>15.14</gx:value>
                <gx:value>14.35</gx:value>
                <gx:value>13.15</gx:value>
                <gx:value>11.5</gx:value>
                <gx:value>9.84</gx:value>
                <gx:value>7.45</gx:value>
                <gx:value>6.06</gx:value>
                <gx:value>3.85</gx:value>
                <gx:value>4.14</gx:value>
                <gx:value>7.1</gx:value>
                <gx:value>8.44</gx:value>
                <gx:value>10.25</gx:value>
                <gx:value>10.87</gx:value>
                <gx:value>11.11</gx:value>
                <gx:value>11.38</gx:value>
                <gx:value>12.21</gx:value>
                <gx:value>12.87</gx:value>
                <gx:value>13.41</gx:value>
                <gx:value>13.88</gx:value>
                <gx:value>14.34</gx:value>
                <gx:value>14.39</gx:value>
                <gx:value>14.56</gx:value>
                <gx:value>14.56</gx:value>
                <gx:value>14.53</gx:value>
                <gx:value>14.51</gx:value>
                <gx:value>14.56</gx:value>
                <gx:value>14.59</gx:value>
                <gx:value>14.69</gx:value>
                <gx:value>14.93</gx:value>
                <gx:value>15.15</gx:value>
                <gx:value>15.28</gx:value>
                <gx:value>15.31</gx:value>
                <gx:value>15.39</gx:value>
                <gx:value>15.33</gx:value>
                <gx:value>15.25</gx:value>
                <gx:value>15.11</gx:value>
                <gx:value>14.97</gx:value>
                <gx:value>14.81</gx:value>
                <gx:value>14.6</gx:value>
                <gx:value>14.46</gx:value>
                <gx:value>14.25</gx:value>
                <gx:value>14.15</gx:value>
                <gx:value>14.02</gx:value>
                <gx:value>13.83</gx:value>
                <gx:value>13.68</gx:value>
                <gx:value>12.92</gx:value>
                <gx:value>11.54</gx:value>
                <gx:value>10.25</gx:value>
                <gx:value>8.18</gx:value>
                <gx:value>7.03</gx:value>
                <gx:value>7.95</gx:value>
                <gx:value>9.23</gx:value>
                <gx:value>10.63</gx:value>
                <gx:value>11.57</gx:value>
                <gx:value>12.53</gx:value>
                <gx:value>13.22</gx:value>
                <gx:value>13.25</gx:value>
                <gx:value>13.86</gx:value>
                <gx:value>14.34</gx:value>
                <gx:value>14.7</gx:value>
                <gx:value>14.83</gx:value>
                <gx:value>14.87</gx:value>
                <gx:value>14.92</gx:value>
                <gx:value>15.04</gx:value>
                <gx:value>15.11</gx:value>
                <gx:value>14.93</gx:value>
                <gx:value>14.83</gx:value>
                <gx:value>14.67</gx:value>
                <gx:value>14.53</gx:value>
                <gx:value>14.41</gx:value>
                <gx:value>14.36</gx:value>
                <gx:value>14.3</gx:value>
                <gx:value>14.27</gx:value>
                <gx:value>14.2</gx:value>
                <gx:value>14.16</gx:value>
                <gx:value>14.01</gx:value>
                <gx:value>13.74</gx:value>
                <gx:value>13.77</gx:value>
                <gx:value>13.61</gx:value>
                <gx:value>13.27</gx:value>
                <gx:value>12.97</gx:value>
                <gx:value>12.65</gx:value>
                <gx:value>12.3</gx:value>
                <gx:value>12.12</gx:value>
                <gx:value>11.99</gx:value>
                <gx:value>11.77</gx:value>
                <gx:value>11.35</gx:value>
                <gx:value>10.44</gx:value>
                <gx:value>9.87</gx:value>
                <gx:value>8.26</gx:value>
                <gx:value>7.66</gx:value>
                <gx:value>6.43</gx:value>
                <gx:value>5.98</gx:value>
                <gx:value>6.91</gx:value>
                <gx:value>7.43</gx:value>
                <gx:value>9.05</gx:value>
                <gx:value>11.05</gx:value>
                <gx:value>11.7</gx:value>
                <gx:value>11.96</gx:value>
                <gx:value>12.24</gx:value>
                <gx:value>12.89</gx:value>
                <gx:value>12.88</gx:value>
                <gx:value>12.88</gx:value>
                <gx:value>12.72</gx:value>
                <gx:value>12.47</gx:value>
                <gx:value>12.17</gx:value>
                <gx:value>11.79</gx:value>
                <gx:value>11.41</gx:value>
                <gx:value>11.37</gx:value>
                <gx:value>11.47</gx:value>
                <gx:value>11.49</gx:value>
                <gx:value>11.29</gx:value>
                <gx:value>10.79</gx:value>
                <gx:value>10.98</gx:value>
                <gx:value>11.07</gx:value>
                <gx:value>11.16</gx:value>
                <gx:value>11.54</gx:value>
                <gx:value>11.4</gx:value>
                <gx:value>11.71</gx:value>
                <gx:value>12.23</gx:value>
                <gx:value>12.7</gx:value>
                <gx:value>12.8</gx:value>
                <gx:value>12.84</gx:value>
                <gx:value>12.71</gx:value>
                <gx:value>12.68</gx:value>
                <gx:value>12.45</gx:value>
                <gx:value>12.16</gx:value>
                <gx:value>12.02</gx:value>
                <gx:value>12.06</gx:value>
                <gx:value>12.03</gx:value>
                <gx:value>11.93</gx:value>
                <gx:value>11.58</gx:value>
                <gx:value>11.53</gx:value>
                <gx:value>11.48</gx:value>
                <gx:value>11.62</gx:value>
                <gx:value>12.16</gx:value>
                <gx:value>12.61</gx:value>
                <gx:value>12.67</gx:value>
                <gx:value>12.37</gx:value>
                <gx:value>11.98</gx:value>
                <gx:value>12.12</gx:value>
                <gx:value>12.11</gx:value>
                <gx:value>11.79</gx:value>
                <gx:value>11.45</gx:value>
                <gx:value>11.45</gx:value>
                <gx:value>11.71</gx:value>
                <gx:value>12.3</gx:value>
                <gx:value>12.45</gx:value>
                <gx:value>12.39</gx:value>
                <gx:value>12.41</gx:value>
                <gx:value>12.47</gx:value>
                <gx:value>12.21</gx:value>
                <gx:value>12.05</gx:value>
                <gx:value>11.59</gx:value>
                <gx:value>11.79</gx:value>
                <gx:value>11.72</gx:value>
                <gx:value>11.55</gx:value>
                <gx:value>11.77</gx:value>
                <gx:value>11.41</gx:value>
                <gx:value>11.83</gx:value>
                <gx:value>11.8</gx:value>
                <gx:value>11.31</gx:value>
                <gx:value>11.63</gx:value>
                <gx:value>11.58</gx:value>
                <gx:value>11.53</gx:value>
                <gx:value>11.49</gx:value>
                <gx:value>11.68</gx:value>
                <gx:value>11.66</gx:value>
                <gx:value>11.85</gx:value>
                <gx:value>11.98</gx:value>
                <gx:value>12.34</gx:value>
                <gx:value>12.36</gx:value>
                <gx:value>12.35</gx:value>
                <gx:value>12.23</gx:value>
                <gx:value>12.05</gx:value>
                <gx:value>12.09</gx:value>
                <gx:value>12.11</gx:value>
                <gx:value>12.05</gx:value>
                <gx:value>11.82</gx:value>
                <gx:value>11.51</gx:value>
                <gx:value>11.46</gx:value>
                <gx:value>11.64</gx:value>
                <gx:value>11.7</gx:value>
                <gx:value>11.74</gx:value>
                <gx:value>11.36</gx:value>
                <gx:value>11.76</gx:value>
                <gx:value>11.85</gx:value>
                <gx:value>11.44</gx:value>
                <gx:value>10.51</gx:value>
                <gx:value>11.01</gx:value>
                <gx:value>11.36</gx:value>
                <gx:value>10.09</gx:value>
                <gx:value>8.35</gx:value>
                <gx:value>7.19</gx:value>
                <gx:value>5.87</gx:value>
                <gx:value>2.92</gx:value>
                <gx:value>2.88</gx:value>
              </gx:SimpleArrayData>
              <gx:SimpleArrayData name="course">
                <gx:value>4.32</gx:value>
                <gx:value>4.3</gx:value>
                <gx:value>4.01</gx:value>
                <gx:value>4.15</gx:value>
                <gx:value>4.2</gx:value>
                <gx:value>2.82</gx:value>
                <gx:value>1.59</gx:value>
                <gx:value>2.82</gx:value>
                <gx:value>2.63</gx:value>
                <gx:value>2.54</gx:value>
                <gx:value>2.74</gx:value>
                <gx:value>2.53</gx:value>
                <gx:value>2.14</gx:value>
                <gx:value>2.77</gx:value>
                <gx:value>4.11</gx:value>
                <gx:value>4.61</gx:value>
                <gx:value>2.8</gx:value>
                <gx:value>2.6</gx:value>
                <gx:value>2.58</gx:value>
                <gx:value>3.03</gx:value>
                <gx:value>3.35</gx:value>
                <gx:value>2.33</gx:value>
                <gx:value>2.84</gx:value>
                <gx:value>2.14</gx:value>
                <gx:value>2.68</gx:value>
                <gx:value>2.61</gx:value>
                <gx:value>2.67</gx:value>
                <gx:value>2.45</gx:value>
                <gx:value>2.53</gx:value>
                <gx:value>2.64</gx:value>
                <gx:value>2.62</gx:value>
                <gx:value>2.54</gx:value>
                <gx:value>2.08</gx:value>
                <gx:value>2.4</gx:value>
                <gx:value>2.32</gx:value>
                <gx:value>2.15</gx:value>
                <gx:value>2.33</gx:value>
                <gx:value>2.25</gx:value>
                <gx:value>2.23</gx:value>
                <gx:value>2.32</gx:value>
                <gx:value>2.43</gx:value>
                <gx:value>2.02</gx:value>
                <gx:value>2.46</gx:value>
                <gx:value>2.21</gx:value>
                <gx:value>2.31</gx:value>
                <gx:value>2.06</gx:value>
                <gx:value>3.57</gx:value>
                <gx:value>3.39</gx:value>
                <gx:value>3.27</gx:value>
                <gx:value>3.42</gx:value>
                <gx:value>4.52</gx:value>
                <gx:value>3.94</gx:value>
                <gx:value>4.32</gx:value>
                <gx:value>4.45</gx:value>
                <gx:value>3.59</gx:value>
                <gx:value>2.67</gx:value>
                <gx:value>3.02</gx:value>
                <gx:value>4.24</gx:value>
                <gx:value>4.09</gx:value>
                <gx:value>3.62</gx:value>
                <gx:value>4.06</gx:value>
                <gx:value>3.87</gx:value>
                <gx:value>3.78</gx:value>
                <gx:value>3.59</gx:value>
                <gx:value>3.65</gx:value>
                <gx:value>3.26</gx:value>
                <gx:value>3.71</gx:value>
                <gx:value>3.67</gx:value>
                <gx:value>3.04</gx:value>
                <gx:value>3.47</gx:value>
                <gx:value>3.85</gx:value>
                <gx:value>3.73</gx:value>
                <gx:value>3.98</gx:value>
                <gx:value>4.28</gx:value>
                <gx:value>4.34</gx:value>
                <gx:value>4.31</gx:value>
                <gx:value>4.54</gx:value>
                <gx:value>4.99</gx:value>
                <gx:value>4.93</gx:value>
                <gx:value>5.34</gx:value>
                <gx:value>5.27</gx:value>
                <gx:value>4.85</gx:value>
                <gx:value>3.59</gx:value>
                <gx:value>4.35</gx:value>
                <gx:value>4.23</gx:value>
                <gx:value>3.12</gx:value>
                <gx:value>3.89</gx:value>
                <gx:value>3</gx:value>
                <gx:value>2.45</gx:value>
                <gx:value>2.34</gx:value>
                <gx:value>2.16</gx:value>
                <gx:value>2.44</gx:value>
                <gx:value>2.5</gx:value>
                <gx:value>2.49</gx:value>
                <gx:value>2.72</gx:value>
                <gx:value>3.3</gx:value>
                <gx:value>3.32</gx:value>
                <gx:value>3.2</gx:value>
                <gx:value>2.63</gx:value>
                <gx:value>2.33</gx:value>
                <gx:value>4.19</gx:value>
                <gx:value>2.58</gx:value>
                <gx:value>2.41</gx:value>
                <gx:value>1.92</gx:value>
                <gx:value>2.07</gx:value>
                <gx:value>1.69</gx:value>
                <gx:value>1.77</gx:value>
                <gx:value>2.11</gx:value>
                <gx:value>1.77</gx:value>
                <gx:value>2.14</gx:value>
                <gx:value>2.21</gx:value>
                <gx:value>1.68</gx:value>
                <gx:value>1.59</gx:value>
                <gx:value>1.28</gx:value>
                <gx:value>2.02</gx:value>
                <gx:value>1.62</gx:value>
                <gx:value>1.74</gx:value>
                <gx:value>2.13</gx:value>
                <gx:value>1.69</gx:value>
                <gx:value>1.83</gx:value>
                <gx:value>1.93</gx:value>
                <gx:value>1.76</gx:value>
                <gx:value>1.68</gx:value>
                <gx:value>2.05</gx:value>
                <gx:value>1.82</gx:value>
                <gx:value>2.56</gx:value>
                <gx:value>2.9</gx:value>
                <gx:value>2.86</gx:value>
                <gx:value>2.89</gx:value>
                <gx:value>2.9</gx:value>
                <gx:value>2.84</gx:value>
                <gx:value>3.42</gx:value>
                <gx:value>2.59</gx:value>
                <gx:value>3.05</gx:value>
                <gx:value>5.75</gx:value>
                <gx:value>3.44</gx:value>
                <gx:value>5.98</gx:value>
                <gx:value>5.98</gx:value>
                <gx:value>5.63</gx:value>
                <gx:value>5.23</gx:value>
                <gx:value>4.16</gx:value>
                <gx:value>4.33</gx:value>
                <gx:value>3.33</gx:value>
                <gx:value>3.25</gx:value>
                <gx:value>3.44</gx:value>
                <gx:value>3.63</gx:value>
                <gx:value>3.94</gx:value>
                <gx:value>3.93</gx:value>
                <gx:value>4.37</gx:value>
                <gx:value>4.94</gx:value>
                <gx:value>5.01</gx:value>
                <gx:value>4.8</gx:value>
                <gx:value>4.77</gx:value>
                <gx:value>4.67</gx:value>
                <gx:value>4.58</gx:value>
                <gx:value>4.14</gx:value>
                <gx:value>4.15</gx:value>
                <gx:value>4.35</gx:value>
                <gx:value>4.37</gx:value>
                <gx:value>3.94</gx:value>
                <gx:value>3.79</gx:value>
                <gx:value>3.34</gx:value>
                <gx:value>2.97</gx:value>
                <gx:value>2.86</gx:value>
                <gx:value>1.97</gx:value>
                <gx:value>2.29</gx:value>
                <gx:value>2.31</gx:value>
                <gx:value>2.19</gx:value>
                <gx:value>2.34</gx:value>
                <gx:value>2.79</gx:value>
                <gx:value>2.92</gx:value>
                <gx:value>2.19</gx:value>
                <gx:value>1.72</gx:value>
                <gx:value>1.79</gx:value>
                <gx:value>1.62</gx:value>
                <gx:value>1.24</gx:value>
                <gx:value>1.31</gx:value>
                <gx:value>1.25</gx:value>
                <gx:value>1.39</gx:value>
                <gx:value>1.21</gx:value>
                <gx:value>1.65</gx:value>
                <gx:value>1.67</gx:value>
                <gx:value>1.36</gx:value>
                <gx:value>0.61</gx:value>
                <gx:value>0.88</gx:value>
                <gx:value>1.67</gx:value>
                <gx:value>1.5</gx:value>
                <gx:value>2.16</gx:value>
                <gx:value>1.38</gx:value>
                <gx:value>1.35</gx:value>
                <gx:value>6.21</gx:value>
                <gx:value>0.64</gx:value>
                <gx:value>0.9</gx:value>
                <gx:value>2.47</gx:value>
                <gx:value>2.68</gx:value>
                <gx:value>2.86</gx:value>
                <gx:value>3.13</gx:value>
                <gx:value>2.93</gx:value>
                <gx:value>0.39</gx:value>
                <gx:value />
                <gx:value />
                <gx:value />
                <gx:value />
                <gx:value />
                <gx:value>5.86</gx:value>
                <gx:value>5.18</gx:value>
                <gx:value>1.59</gx:value>
                <gx:value>1.06</gx:value>
                <gx:value>2.98</gx:value>
                <gx:value />
                <gx:value />
                <gx:value />
                <gx:value />
                <gx:value />
                <gx:value>3.08</gx:value>
                <gx:value>5.56</gx:value>
                <gx:value>2.48</gx:value>
                <gx:value>1.87</gx:value>
                <gx:value>1.79</gx:value>
                <gx:value>1.61</gx:value>
                <gx:value>1.24</gx:value>
                <gx:value>1.34</gx:value>
                <gx:value>1.14</gx:value>
                <gx:value>1.29</gx:value>
                <gx:value>1.47</gx:value>
                <gx:value>0.28</gx:value>
                <gx:value>6.24</gx:value>
                <gx:value>3.49</gx:value>
                <gx:value>2.71</gx:value>
                <gx:value>2.34</gx:value>
                <gx:value>1.76</gx:value>
                <gx:value>0.95</gx:value>
                <gx:value>1.2</gx:value>
                <gx:value>2.82</gx:value>
                <gx:value>5.56</gx:value>
                <gx:value>4.41</gx:value>
                <gx:value>3.97</gx:value>
                <gx:value>2.11</gx:value>
                <gx:value>1.42</gx:value>
                <gx:value>1.04</gx:value>
                <gx:value>0.98</gx:value>
                <gx:value>0.94</gx:value>
                <gx:value>0.89</gx:value>
                <gx:value>0.69</gx:value>
                <gx:value>1.62</gx:value>
                <gx:value>1.86</gx:value>
                <gx:value>1.98</gx:value>
                <gx:value>2.01</gx:value>
                <gx:value>2.5</gx:value>
                <gx:value>2.69</gx:value>
                <gx:value>0.87</gx:value>
                <gx:value>0.4</gx:value>
                <gx:value>0.67</gx:value>
                <gx:value>1.45</gx:value>
                <gx:value>1.58</gx:value>
                <gx:value>1.97</gx:value>
                <gx:value>2.02</gx:value>
                <gx:value>0.72</gx:value>
                <gx:value>1.22</gx:value>
                <gx:value>1.49</gx:value>
                <gx:value>2.08</gx:value>
                <gx:value>2.04</gx:value>
                <gx:value>1.06</gx:value>
                <gx:value>1.01</gx:value>
                <gx:value>1.69</gx:value>
                <gx:value>1.69</gx:value>
                <gx:value>1.74</gx:value>
                <gx:value>1.13</gx:value>
                <gx:value>0.5</gx:value>
                <gx:value>0.59</gx:value>
                <gx:value>0.64</gx:value>
                <gx:value>0.67</gx:value>
                <gx:value>0.61</gx:value>
                <gx:value>0.43</gx:value>
                <gx:value>1.04</gx:value>
                <gx:value>1.44</gx:value>
                <gx:value>1.45</gx:value>
                <gx:value>2.98</gx:value>
                <gx:value>3.01</gx:value>
                <gx:value>2.75</gx:value>
                <gx:value>2.53</gx:value>
                <gx:value>2.35</gx:value>
                <gx:value>2.59</gx:value>
                <gx:value>2.97</gx:value>
                <gx:value>3.35</gx:value>
                <gx:value />
                <gx:value>2.31</gx:value>
                <gx:value>2.41</gx:value>
                <gx:value>0.97</gx:value>
                <gx:value>1.36</gx:value>
                <gx:value>0.94</gx:value>
                <gx:value>0.8</gx:value>
                <gx:value>0.51</gx:value>
                <gx:value>0.56</gx:value>
                <gx:value>1.12</gx:value>
                <gx:value>1.25</gx:value>
                <gx:value>0.79</gx:value>
                <gx:value>1.29</gx:value>
                <gx:value>1.25</gx:value>
                <gx:value>1.22</gx:value>
                <gx:value>1.18</gx:value>
                <gx:value>0.89</gx:value>
                <gx:value>1.21</gx:value>
                <gx:value>0.88</gx:value>
                <gx:value>4.29</gx:value>
                <gx:value>4.34</gx:value>
                <gx:value>4.23</gx:value>
                <gx:value>4.51</gx:value>
                <gx:value>5.12</gx:value>
                <gx:value>4.69</gx:value>
                <gx:value>6.17</gx:value>
                <gx:value>0.19</gx:value>
                <gx:value>0.03</gx:value>
                <gx:value>6.06</gx:value>
                <gx:value>6.07</gx:value>
                <gx:value>6.15</gx:value>
                <gx:value>0.01</gx:value>
                <gx:value>6.21</gx:value>
                <gx:value>5.88</gx:value>
                <gx:value>5.57</gx:value>
                <gx:value>5.79</gx:value>
                <gx:value>6.13</gx:value>
                <gx:value>5.78</gx:value>
                <gx:value>5.7</gx:value>
                <gx:value>6.08</gx:value>
                <gx:value>5.68</gx:value>
                <gx:value>5.63</gx:value>
                <gx:value>5.56</gx:value>
                <gx:value>5.03</gx:value>
                <gx:value>4.74</gx:value>
                <gx:value>4.77</gx:value>
                <gx:value>4.51</gx:value>
                <gx:value>5.01</gx:value>
                <gx:value>6.06</gx:value>
                <gx:value>0.2</gx:value>
                <gx:value>5.37</gx:value>
                <gx:value>2.71</gx:value>
                <gx:value>3.17</gx:value>
                <gx:value>4.73</gx:value>
                <gx:value>4.98</gx:value>
                <gx:value>5.35</gx:value>
                <gx:value>4.63</gx:value>
                <gx:value>5.28</gx:value>
                <gx:value>5.15</gx:value>
                <gx:value>6.22</gx:value>
                <gx:value>0.04</gx:value>
                <gx:value>6.15</gx:value>
                <gx:value>6.23</gx:value>
                <gx:value>6.21</gx:value>
                <gx:value>6.26</gx:value>
                <gx:value>6.16</gx:value>
                <gx:value>0</gx:value>
                <gx:value>0.28</gx:value>
                <gx:value>0.24</gx:value>
                <gx:value>6.19</gx:value>
                <gx:value>6</gx:value>
                <gx:value>5.83</gx:value>
                <gx:value>5.24</gx:value>
                <gx:value>5.34</gx:value>
                <gx:value>5.39</gx:value>
                <gx:value>4.85</gx:value>
                <gx:value>5.12</gx:value>
                <gx:value>4.81</gx:value>
                <gx:value>5.07</gx:value>
                <gx:value>4.95</gx:value>
                <gx:value>5.03</gx:value>
                <gx:value>5.18</gx:value>
                <gx:value>5.24</gx:value>
                <gx:value>5</gx:value>
                <gx:value>5.15</gx:value>
                <gx:value>5.09</gx:value>
                <gx:value>5.22</gx:value>
                <gx:value>5.34</gx:value>
                <gx:value>5.23</gx:value>
                <gx:value>4.94</gx:value>
                <gx:value>4.13</gx:value>
                <gx:value>5.6</gx:value>
                <gx:value>5.83</gx:value>
                <gx:value>5.59</gx:value>
                <gx:value>5.71</gx:value>
                <gx:value>5.59</gx:value>
                <gx:value>5.59</gx:value>
                <gx:value>5.65</gx:value>
                <gx:value>5.54</gx:value>
                <gx:value>5.43</gx:value>
                <gx:value>5.22</gx:value>
                <gx:value>5.32</gx:value>
                <gx:value>5.03</gx:value>
                <gx:value>5.44</gx:value>
                <gx:value>5.79</gx:value>
                <gx:value>5.29</gx:value>
                <gx:value>5.15</gx:value>
                <gx:value>5.49</gx:value>
                <gx:value>5.63</gx:value>
                <gx:value>5.8</gx:value>
                <gx:value>5.48</gx:value>
                <gx:value>5.52</gx:value>
                <gx:value>5.71</gx:value>
                <gx:value>5.54</gx:value>
                <gx:value>5.63</gx:value>
                <gx:value>5.72</gx:value>
                <gx:value>5.48</gx:value>
                <gx:value>5.49</gx:value>
                <gx:value>5.76</gx:value>
                <gx:value>5.53</gx:value>
                <gx:value>5.99</gx:value>
                <gx:value>5.44</gx:value>
                <gx:value>5.66</gx:value>
                <gx:value>5.7</gx:value>
                <gx:value>5.28</gx:value>
                <gx:value>5.37</gx:value>
                <gx:value>5.18</gx:value>
                <gx:value>5.35</gx:value>
                <gx:value>5.3</gx:value>
                <gx:value>4.63</gx:value>
                <gx:value>5.13</gx:value>
                <gx:value>5.3</gx:value>
                <gx:value>5.33</gx:value>
                <gx:value>5.33</gx:value>
                <gx:value>5.3</gx:value>
                <gx:value>5.57</gx:value>
                <gx:value>5.68</gx:value>
                <gx:value>5.4</gx:value>
                <gx:value>5.51</gx:value>
                <gx:value>5.77</gx:value>
                <gx:value>5.53</gx:value>
                <gx:value>5.72</gx:value>
                <gx:value>5.52</gx:value>
                <gx:value>5.55</gx:value>
                <gx:value>5.67</gx:value>
                <gx:value>5.76</gx:value>
                <gx:value>5.71</gx:value>
                <gx:value>5.83</gx:value>
                <gx:value>5.71</gx:value>
                <gx:value>5.59</gx:value>
                <gx:value>5.6</gx:value>
                <gx:value>5.84</gx:value>
                <gx:value>0.83</gx:value>
                <gx:value>1.05</gx:value>
                <gx:value>0.81</gx:value>
                <gx:value>0.96</gx:value>
                <gx:value>0.87</gx:value>
                <gx:value>1.19</gx:value>
                <gx:value>0.89</gx:value>
                <gx:value>0.65</gx:value>
                <gx:value>0.72</gx:value>
                <gx:value>1.06</gx:value>
                <gx:value>0.95</gx:value>
                <gx:value>1.01</gx:value>
                <gx:value>0.62</gx:value>
                <gx:value>1.14</gx:value>
                <gx:value>0.83</gx:value>
                <gx:value>0.63</gx:value>
                <gx:value>1.25</gx:value>
                <gx:value>0.94</gx:value>
                <gx:value>1.17</gx:value>
                <gx:value>0.74</gx:value>
                <gx:value>0.58</gx:value>
                <gx:value>1.31</gx:value>
                <gx:value>1.75</gx:value>
                <gx:value>1.67</gx:value>
                <gx:value>1.87</gx:value>
                <gx:value>1.44</gx:value>
                <gx:value>1.9</gx:value>
                <gx:value>3.07</gx:value>
                <gx:value />
                <gx:value>5.09</gx:value>
                <gx:value>5.06</gx:value>
                <gx:value>4.41</gx:value>
                <gx:value>4.82</gx:value>
                <gx:value>4.61</gx:value>
                <gx:value>4.4</gx:value>
                <gx:value>4.14</gx:value>
                <gx:value>3.89</gx:value>
                <gx:value>4.26</gx:value>
                <gx:value>3.96</gx:value>
                <gx:value>4</gx:value>
                <gx:value>4.06</gx:value>
                <gx:value>4.08</gx:value>
                <gx:value>4.29</gx:value>
                <gx:value>3.99</gx:value>
                <gx:value>3.58</gx:value>
                <gx:value>3.88</gx:value>
                <gx:value>4.19</gx:value>
                <gx:value>4.32</gx:value>
                <gx:value>4.37</gx:value>
                <gx:value>3.91</gx:value>
                <gx:value>4.18</gx:value>
                <gx:value>3.99</gx:value>
                <gx:value>4.26</gx:value>
                <gx:value>3.9</gx:value>
                <gx:value>4.39</gx:value>
                <gx:value>4.63</gx:value>
                <gx:value>0.11</gx:value>
                <gx:value>5.79</gx:value>
                <gx:value>6.01</gx:value>
                <gx:value>5.88</gx:value>
                <gx:value>5.83</gx:value>
                <gx:value>1.12</gx:value>
                <gx:value>0.93</gx:value>
                <gx:value>0.46</gx:value>
                <gx:value>5.92</gx:value>
                <gx:value>5.7</gx:value>
                <gx:value>5.83</gx:value>
                <gx:value>5.71</gx:value>
                <gx:value>4.15</gx:value>
                <gx:value>0.4</gx:value>
                <gx:value>5.93</gx:value>
                <gx:value>5.79</gx:value>
                <gx:value>5.91</gx:value>
                <gx:value>5.72</gx:value>
                <gx:value>5.82</gx:value>
                <gx:value>0.05</gx:value>
                <gx:value>5.83</gx:value>
                <gx:value>2.9</gx:value>
                <gx:value>2.32</gx:value>
                <gx:value>1.92</gx:value>
                <gx:value>1.28</gx:value>
                <gx:value>1.17</gx:value>
                <gx:value>1.09</gx:value>
                <gx:value>1.02</gx:value>
                <gx:value>0.95</gx:value>
                <gx:value>0.99</gx:value>
                <gx:value>0.94</gx:value>
                <gx:value>0.82</gx:value>
                <gx:value>0.99</gx:value>
                <gx:value>0.98</gx:value>
                <gx:value>5.98</gx:value>
                <gx:value>5.71</gx:value>
                <gx:value>5.77</gx:value>
                <gx:value>5.68</gx:value>
                <gx:value>5.66</gx:value>
                <gx:value>5.66</gx:value>
                <gx:value>4.54</gx:value>
                <gx:value>4.16</gx:value>
                <gx:value>4.2</gx:value>
                <gx:value>4.24</gx:value>
                <gx:value>4.28</gx:value>
                <gx:value>4.32</gx:value>
                <gx:value>4.34</gx:value>
                <gx:value>4.36</gx:value>
                <gx:value>4.43</gx:value>
                <gx:value>4.42</gx:value>
                <gx:value>4.85</gx:value>
                <gx:value>5.67</gx:value>
                <gx:value>5.95</gx:value>
                <gx:value>6.02</gx:value>
                <gx:value>6.04</gx:value>
                <gx:value>6.13</gx:value>
                <gx:value>6.03</gx:value>
                <gx:value>6.03</gx:value>
                <gx:value>6.04</gx:value>
                <gx:value>6.02</gx:value>
                <gx:value>6.01</gx:value>
                <gx:value>5.99</gx:value>
                <gx:value>5.97</gx:value>
                <gx:value>5.96</gx:value>
                <gx:value>5.95</gx:value>
                <gx:value>5.96</gx:value>
                <gx:value>5.96</gx:value>
                <gx:value>5.97</gx:value>
                <gx:value>5.97</gx:value>
                <gx:value>5.97</gx:value>
                <gx:value>5.97</gx:value>
                <gx:value>5.96</gx:value>
                <gx:value>5.97</gx:value>
                <gx:value>5.98</gx:value>
                <gx:value>5.98</gx:value>
                <gx:value>5.97</gx:value>
                <gx:value>5.97</gx:value>
                <gx:value>5.97</gx:value>
                <gx:value>5.97</gx:value>
                <gx:value>6</gx:value>
                <gx:value>6.06</gx:value>
                <gx:value>6.09</gx:value>
                <gx:value>5.99</gx:value>
                <gx:value>5.42</gx:value>
                <gx:value>4.61</gx:value>
                <gx:value>4.29</gx:value>
                <gx:value>4.33</gx:value>
                <gx:value>4.31</gx:value>
                <gx:value>4.32</gx:value>
                <gx:value>4.31</gx:value>
                <gx:value>4.3</gx:value>
                <gx:value>4.31</gx:value>
                <gx:value>4.3</gx:value>
                <gx:value>4.3</gx:value>
                <gx:value>4.29</gx:value>
                <gx:value>4.28</gx:value>
                <gx:value>4.28</gx:value>
                <gx:value>4.28</gx:value>
                <gx:value>4.29</gx:value>
                <gx:value>4.41</gx:value>
                <gx:value>4.31</gx:value>
                <gx:value>4.12</gx:value>
                <gx:value>4.22</gx:value>
                <gx:value>4.27</gx:value>
                <gx:value>4.42</gx:value>
                <gx:value>4.4</gx:value>
                <gx:value>4.42</gx:value>
                <gx:value>4.43</gx:value>
                <gx:value>4.45</gx:value>
                <gx:value>4.48</gx:value>
                <gx:value>4.49</gx:value>
                <gx:value>4.49</gx:value>
                <gx:value>4.5</gx:value>
                <gx:value>4.5</gx:value>
                <gx:value>4.53</gx:value>
                <gx:value>4.53</gx:value>
                <gx:value>4.52</gx:value>
                <gx:value>4.53</gx:value>
                <gx:value>4.55</gx:value>
                <gx:value>4.54</gx:value>
                <gx:value>4.53</gx:value>
                <gx:value>4.54</gx:value>
                <gx:value>4.51</gx:value>
                <gx:value>4.45</gx:value>
                <gx:value>4.37</gx:value>
                <gx:value>4.29</gx:value>
                <gx:value>4.23</gx:value>
                <gx:value>4.18</gx:value>
                <gx:value>4.06</gx:value>
                <gx:value>4</gx:value>
                <gx:value>3.97</gx:value>
                <gx:value>3.91</gx:value>
                <gx:value>3.92</gx:value>
                <gx:value>3.92</gx:value>
                <gx:value>3.92</gx:value>
                <gx:value>3.92</gx:value>
                <gx:value>3.92</gx:value>
                <gx:value>3.9</gx:value>
                <gx:value>3.91</gx:value>
                <gx:value>3.92</gx:value>
                <gx:value>3.95</gx:value>
                <gx:value>4.11</gx:value>
                <gx:value>4.05</gx:value>
                <gx:value>3.91</gx:value>
                <gx:value>3.94</gx:value>
                <gx:value>3.65</gx:value>
                <gx:value>2.5</gx:value>
                <gx:value>2.4</gx:value>
                <gx:value>2.41</gx:value>
                <gx:value>2.4</gx:value>
                <gx:value>2.53</gx:value>
                <gx:value>2.71</gx:value>
                <gx:value>2.63</gx:value>
                <gx:value>2.63</gx:value>
                <gx:value>2.62</gx:value>
                <gx:value>2.67</gx:value>
                <gx:value>2.66</gx:value>
                <gx:value>2.73</gx:value>
                <gx:value>2.78</gx:value>
                <gx:value>2.81</gx:value>
                <gx:value>2.85</gx:value>
                <gx:value>2.86</gx:value>
                <gx:value>2.86</gx:value>
                <gx:value>2.87</gx:value>
                <gx:value>2.89</gx:value>
                <gx:value>2.9</gx:value>
                <gx:value>2.91</gx:value>
                <gx:value>2.92</gx:value>
                <gx:value>2.9</gx:value>
                <gx:value>2.9</gx:value>
                <gx:value>2.91</gx:value>
                <gx:value>2.9</gx:value>
                <gx:value>2.89</gx:value>
                <gx:value>2.86</gx:value>
                <gx:value>2.84</gx:value>
                <gx:value>2.93</gx:value>
                <gx:value>2.89</gx:value>
                <gx:value>2.67</gx:value>
                <gx:value>1.69</gx:value>
                <gx:value>1.14</gx:value>
                <gx:value>1.21</gx:value>
                <gx:value>1.19</gx:value>
                <gx:value>1.09</gx:value>
                <gx:value>1.07</gx:value>
                <gx:value>1.12</gx:value>
                <gx:value>1.16</gx:value>
                <gx:value>1.17</gx:value>
                <gx:value>1.22</gx:value>
                <gx:value>0.92</gx:value>
                <gx:value>0.88</gx:value>
                <gx:value>1.02</gx:value>
                <gx:value>1.09</gx:value>
                <gx:value>1.13</gx:value>
                <gx:value>1.16</gx:value>
                <gx:value>1.25</gx:value>
                <gx:value>1.17</gx:value>
                <gx:value>1.07</gx:value>
                <gx:value>0.05</gx:value>
                <gx:value>5.99</gx:value>
                <gx:value>5.86</gx:value>
                <gx:value>5.84</gx:value>
                <gx:value>5.83</gx:value>
                <gx:value>5.11</gx:value>
                <gx:value>4.36</gx:value>
                <gx:value>4.38</gx:value>
                <gx:value>4.36</gx:value>
                <gx:value>4.36</gx:value>
                <gx:value>4.37</gx:value>
                <gx:value>4.48</gx:value>
                <gx:value>4.42</gx:value>
                <gx:value>4.49</gx:value>
                <gx:value>4.51</gx:value>
                <gx:value>4.53</gx:value>
                <gx:value>4.53</gx:value>
                <gx:value>4.5</gx:value>
                <gx:value>4.54</gx:value>
                <gx:value>4.56</gx:value>
                <gx:value>4.55</gx:value>
                <gx:value>4.5</gx:value>
                <gx:value>3.02</gx:value>
                <gx:value>2.98</gx:value>
                <gx:value>2.91</gx:value>
                <gx:value>2.85</gx:value>
                <gx:value>2.83</gx:value>
                <gx:value>2.86</gx:value>
                <gx:value>2.81</gx:value>
                <gx:value>2.78</gx:value>
                <gx:value>2.73</gx:value>
                <gx:value>2.79</gx:value>
                <gx:value>3.65</gx:value>
                <gx:value>3.94</gx:value>
                <gx:value>3.97</gx:value>
                <gx:value>4.01</gx:value>
                <gx:value>4.02</gx:value>
                <gx:value>4.02</gx:value>
                <gx:value>4.02</gx:value>
                <gx:value>4.03</gx:value>
                <gx:value>4.04</gx:value>
                <gx:value>4.04</gx:value>
                <gx:value>4.05</gx:value>
                <gx:value>4.04</gx:value>
                <gx:value>4.04</gx:value>
                <gx:value>4.04</gx:value>
                <gx:value>4.04</gx:value>
                <gx:value>4.03</gx:value>
                <gx:value>4.03</gx:value>
                <gx:value>4.04</gx:value>
                <gx:value>4.03</gx:value>
                <gx:value>4</gx:value>
                <gx:value>4</gx:value>
                <gx:value>4.02</gx:value>
                <gx:value>4.02</gx:value>
                <gx:value>4.02</gx:value>
                <gx:value>4.05</gx:value>
                <gx:value>4.06</gx:value>
                <gx:value>4.05</gx:value>
                <gx:value>4.01</gx:value>
                <gx:value>3.97</gx:value>
                <gx:value>3.96</gx:value>
                <gx:value>4</gx:value>
                <gx:value>4.13</gx:value>
                <gx:value>4.13</gx:value>
                <gx:value>3.95</gx:value>
                <gx:value>3.95</gx:value>
                <gx:value>3.92</gx:value>
                <gx:value>4.04</gx:value>
                <gx:value>4.08</gx:value>
                <gx:value>4.04</gx:value>
                <gx:value>4.07</gx:value>
                <gx:value>3.95</gx:value>
                <gx:value>3.98</gx:value>
                <gx:value>4.01</gx:value>
                <gx:value>4.02</gx:value>
                <gx:value>4.02</gx:value>
                <gx:value>4.04</gx:value>
                <gx:value>4.05</gx:value>
                <gx:value>4.06</gx:value>
                <gx:value>4.07</gx:value>
                <gx:value>4.06</gx:value>
                <gx:value>4.06</gx:value>
                <gx:value>4.08</gx:value>
                <gx:value>4.19</gx:value>
                <gx:value>4.71</gx:value>
                <gx:value>5.05</gx:value>
                <gx:value>5.19</gx:value>
                <gx:value>5.4</gx:value>
                <gx:value>5.49</gx:value>
                <gx:value>5.43</gx:value>
                <gx:value>5.43</gx:value>
                <gx:value>5.37</gx:value>
                <gx:value>5.43</gx:value>
                <gx:value>5.45</gx:value>
                <gx:value>5.54</gx:value>
                <gx:value>5.54</gx:value>
                <gx:value>5.48</gx:value>
                <gx:value>4.93</gx:value>
                <gx:value>4.03</gx:value>
                <gx:value>3.77</gx:value>
                <gx:value>4</gx:value>
                <gx:value>4.04</gx:value>
                <gx:value>4.06</gx:value>
                <gx:value>4.01</gx:value>
                <gx:value>4.06</gx:value>
                <gx:value>4.06</gx:value>
                <gx:value>4.09</gx:value>
                <gx:value>3.88</gx:value>
                <gx:value>3.19</gx:value>
                <gx:value>2.54</gx:value>
                <gx:value>2.6</gx:value>
                <gx:value>2.62</gx:value>
                <gx:value>2.62</gx:value>
                <gx:value>2.64</gx:value>
                <gx:value>2.73</gx:value>
                <gx:value>2.67</gx:value>
                <gx:value>2.7</gx:value>
                <gx:value>2.72</gx:value>
                <gx:value>2.75</gx:value>
                <gx:value>2.76</gx:value>
                <gx:value>2.8</gx:value>
                <gx:value>2.84</gx:value>
                <gx:value>2.9</gx:value>
                <gx:value>2.97</gx:value>
                <gx:value>3.03</gx:value>
                <gx:value>3.09</gx:value>
                <gx:value>3.13</gx:value>
                <gx:value>3.19</gx:value>
                <gx:value>3.25</gx:value>
                <gx:value>3.3</gx:value>
                <gx:value>3.32</gx:value>
                <gx:value>3.32</gx:value>
                <gx:value>3.31</gx:value>
                <gx:value>3.32</gx:value>
                <gx:value>3.33</gx:value>
                <gx:value>3.32</gx:value>
                <gx:value>3.38</gx:value>
                <gx:value>3.42</gx:value>
                <gx:value>3.28</gx:value>
                <gx:value>3.27</gx:value>
                <gx:value>3.33</gx:value>
                <gx:value>3.3</gx:value>
                <gx:value>3.24</gx:value>
                <gx:value>3.2</gx:value>
                <gx:value>3.24</gx:value>
                <gx:value>3.24</gx:value>
                <gx:value>3.25</gx:value>
                <gx:value>3.27</gx:value>
                <gx:value>3.27</gx:value>
                <gx:value>3.27</gx:value>
                <gx:value>3.26</gx:value>
                <gx:value>3.24</gx:value>
                <gx:value>3.27</gx:value>
                <gx:value>3.27</gx:value>
                <gx:value>3.25</gx:value>
                <gx:value>3.23</gx:value>
                <gx:value>3.22</gx:value>
                <gx:value>3.22</gx:value>
                <gx:value>3.22</gx:value>
                <gx:value>3.23</gx:value>
                <gx:value>3.22</gx:value>
                <gx:value>3.23</gx:value>
                <gx:value>3.23</gx:value>
                <gx:value>3.23</gx:value>
                <gx:value>3.24</gx:value>
                <gx:value>3.25</gx:value>
                <gx:value>3.26</gx:value>
                <gx:value>3.28</gx:value>
                <gx:value>3.31</gx:value>
                <gx:value>3.33</gx:value>
                <gx:value>3.35</gx:value>
                <gx:value>3.35</gx:value>
                <gx:value>3.35</gx:value>
                <gx:value>3.36</gx:value>
                <gx:value>3.36</gx:value>
                <gx:value>3.35</gx:value>
                <gx:value>3.35</gx:value>
                <gx:value>3.4</gx:value>
                <gx:value>3.38</gx:value>
                <gx:value>3.38</gx:value>
                <gx:value>3.37</gx:value>
                <gx:value>3.44</gx:value>
                <gx:value>3.38</gx:value>
                <gx:value>3.4</gx:value>
                <gx:value>3.43</gx:value>
                <gx:value>3.45</gx:value>
                <gx:value>3.46</gx:value>
                <gx:value>3.46</gx:value>
                <gx:value>3.5</gx:value>
                <gx:value>3.55</gx:value>
                <gx:value>3.54</gx:value>
                <gx:value>3.54</gx:value>
                <gx:value>3.56</gx:value>
                <gx:value>3.5</gx:value>
                <gx:value>3.51</gx:value>
                <gx:value>3.53</gx:value>
                <gx:value>3.56</gx:value>
                <gx:value>3.55</gx:value>
                <gx:value>3.56</gx:value>
                <gx:value>3.57</gx:value>
                <gx:value>3.58</gx:value>
                <gx:value>3.59</gx:value>
                <gx:value>3.6</gx:value>
                <gx:value>3.62</gx:value>
                <gx:value>3.63</gx:value>
                <gx:value>3.64</gx:value>
                <gx:value>3.65</gx:value>
                <gx:value>3.65</gx:value>
                <gx:value>3.64</gx:value>
                <gx:value>3.64</gx:value>
                <gx:value>3.64</gx:value>
                <gx:value>3.64</gx:value>
                <gx:value>3.64</gx:value>
                <gx:value>3.64</gx:value>
                <gx:value>3.65</gx:value>
                <gx:value>3.67</gx:value>
                <gx:value>3.68</gx:value>
                <gx:value>3.71</gx:value>
                <gx:value>3.72</gx:value>
                <gx:value>3.7</gx:value>
                <gx:value>3.67</gx:value>
                <gx:value>3.65</gx:value>
                <gx:value>3.66</gx:value>
                <gx:value>3.67</gx:value>
                <gx:value>3.67</gx:value>
                <gx:value>3.54</gx:value>
                <gx:value>3.58</gx:value>
                <gx:value>3.6</gx:value>
                <gx:value>3.55</gx:value>
                <gx:value>3.52</gx:value>
                <gx:value>3.47</gx:value>
                <gx:value>3.43</gx:value>
                <gx:value>3.41</gx:value>
                <gx:value>3.47</gx:value>
                <gx:value>3.49</gx:value>
                <gx:value>3.46</gx:value>
                <gx:value>3.52</gx:value>
                <gx:value>3.52</gx:value>
                <gx:value>3.53</gx:value>
                <gx:value>3.68</gx:value>
                <gx:value>3.63</gx:value>
                <gx:value>3.65</gx:value>
                <gx:value>3.66</gx:value>
                <gx:value>3.7</gx:value>
                <gx:value>3.75</gx:value>
                <gx:value>3.83</gx:value>
                <gx:value>3.9</gx:value>
                <gx:value>3.97</gx:value>
                <gx:value>4.05</gx:value>
                <gx:value>4.11</gx:value>
                <gx:value>4.16</gx:value>
                <gx:value>4.17</gx:value>
                <gx:value>4.2</gx:value>
                <gx:value>4.24</gx:value>
                <gx:value>4.27</gx:value>
                <gx:value>4.29</gx:value>
                <gx:value>4.31</gx:value>
                <gx:value>4.34</gx:value>
                <gx:value>4.37</gx:value>
                <gx:value>4.39</gx:value>
                <gx:value>4.4</gx:value>
                <gx:value>4.39</gx:value>
                <gx:value>4.38</gx:value>
                <gx:value>4.37</gx:value>
                <gx:value>4.36</gx:value>
                <gx:value>4.35</gx:value>
                <gx:value>4.34</gx:value>
                <gx:value>4.33</gx:value>
                <gx:value>4.34</gx:value>
                <gx:value>4.36</gx:value>
                <gx:value>4.35</gx:value>
                <gx:value>4.35</gx:value>
                <gx:value>4.33</gx:value>
                <gx:value>4.32</gx:value>
                <gx:value>4.31</gx:value>
                <gx:value>4.3</gx:value>
                <gx:value>4.3</gx:value>
                <gx:value>4.29</gx:value>
                <gx:value>4.29</gx:value>
                <gx:value>4.27</gx:value>
                <gx:value>4.29</gx:value>
                <gx:value>4.28</gx:value>
                <gx:value>4.27</gx:value>
                <gx:value>4.25</gx:value>
                <gx:value>4.26</gx:value>
                <gx:value>4.24</gx:value>
                <gx:value>4.22</gx:value>
                <gx:value>4.22</gx:value>
                <gx:value>4.22</gx:value>
                <gx:value>4.22</gx:value>
                <gx:value>4.21</gx:value>
                <gx:value>4.2</gx:value>
                <gx:value>4.2</gx:value>
                <gx:value>4.19</gx:value>
                <gx:value>4.2</gx:value>
                <gx:value>4.2</gx:value>
                <gx:value>4.2</gx:value>
                <gx:value>4.19</gx:value>
                <gx:value>4.19</gx:value>
                <gx:value>4.17</gx:value>
                <gx:value>4.13</gx:value>
                <gx:value>4.13</gx:value>
                <gx:value>4.16</gx:value>
                <gx:value>4.19</gx:value>
                <gx:value>4.21</gx:value>
                <gx:value>4.22</gx:value>
                <gx:value>4.22</gx:value>
                <gx:value>4.23</gx:value>
                <gx:value>4.22</gx:value>
                <gx:value>4.22</gx:value>
                <gx:value>4.22</gx:value>
                <gx:value>4.12</gx:value>
                <gx:value>4.2</gx:value>
                <gx:value>4.19</gx:value>
                <gx:value>4.19</gx:value>
                <gx:value>4.2</gx:value>
                <gx:value>4.21</gx:value>
                <gx:value>4.22</gx:value>
                <gx:value>4.21</gx:value>
                <gx:value>4.2</gx:value>
                <gx:value>4.2</gx:value>
                <gx:value>4.25</gx:value>
                <gx:value>4.17</gx:value>
                <gx:value>4.24</gx:value>
                <gx:value>4.23</gx:value>
                <gx:value>4.19</gx:value>
                <gx:value>4.16</gx:value>
                <gx:value>4.27</gx:value>
                <gx:value>4.22</gx:value>
                <gx:value>4.32</gx:value>
              </gx:SimpleArrayData>
            </SchemaData>
          </ExtendedData>
        </gx:Track>
      </gx:MultiTrack>
    </Placemark>
  </Document>
</kml>